SN,MCS1,1X64,1X18,MCS2,1X64_2,1X18_2,入光通道名,出光通道名,MAX-MIN_1310,MAX-MIN_1550,MAX-MIN_diff_1310_minus_1550,match
K7276529,1,1,1,33,33,1,MPO1-1,MPO49-1,0.0251,0.0977,-0.0726,both
K7276529,1,1,2,33,33,2,MPO1-2,MPO49-2,0.0289,0.0585,-0.0296,both
K7276529,1,1,3,33,33,3,MPO1-3,MPO49-3,0.0284,0.0364,-0.008,both
K7276529,1,1,4,33,33,4,MPO1-4,MPO49-4,0.0249,0.02,0.0049,both
K7276529,1,1,5,33,33,5,MPO1-5,MPO49-5,0.0409,0.0475,-0.0066,both
K7276529,1,1,6,33,33,6,MPO1-6,MPO49-6,0.0435,0.0766,-0.0331,both
K7276529,1,1,7,33,33,7,MPO1-7,MPO49-7,0.0608,0.1014,-0.0406,both
K7276529,1,1,8,33,33,8,MPO1-8,MPO49-8,0.049,0.0456,0.0034,both
K7276529,1,1,9,33,33,9,MPO1-9,MPO49-9,0.039,0.0166,0.0224,both
K7276529,1,1,10,33,33,10,MPO1-10,MPO49-10,0.0303,0.0137,0.0166,both
K7276529,1,1,11,33,33,11,MPO1-11,MPO49-11,0.0266,0.0331,-0.0065,both
K7276529,1,1,12,33,33,12,MPO1-12,MPO49-12,0.025,0.0674,-0.0424,both
K7276529,1,1,13,33,33,13,MPO2-1,MPO50-1,0.0188,0.0783,-0.0595,both
K7276529,1,1,14,33,33,14,MPO2-2,MPO50-2,0.025,0.044,-0.019,both
K7276529,1,1,15,33,33,15,MPO2-3,MPO50-3,0.0324,0.0313,0.0011,both
K7276529,1,1,16,33,33,16,MPO2-4,MPO50-4,0.0364,0.0313,0.0051,both
K7276529,1,1,17,33,33,17,MPO2-5,MPO50-5,0.0423,0.0414,0.0009,both
K7276529,1,1,18,33,33,18,MPO2-6,MPO50-6,0.0692,0.0731,-0.0039,both
K7276529,2,2,1,34,34,1,MPO2-7,MPO50-7,0.0382,0.1983,-0.1601,both
K7276529,2,2,2,34,34,2,MPO2-8,MPO50-8,0.0279,0.1115,-0.0836,both
K7276529,2,2,3,34,34,3,MPO2-9,MPO50-9,0.0367,0.0524,-0.0157,both
K7276529,2,2,4,34,34,4,MPO2-10,MPO50-10,0.0506,0.0428,0.0078,both
K7276529,2,2,5,34,34,5,MPO2-11,MPO50-11,0.0654,0.0909,-0.0255,both
K7276529,2,2,6,34,34,6,MPO2-12,MPO50-12,0.0691,0.1082,-0.0391,both
K7276529,2,2,7,34,34,7,MPO3-1,MPO51-1,0.081,0.0939,-0.0129,both
K7276529,2,2,8,34,34,8,MPO3-2,MPO51-2,0.0432,0.0437,-0.0005,both
K7276529,2,2,9,34,34,9,MPO3-3,MPO51-3,0.0481,0.0203,0.0278,both
K7276529,2,2,10,34,34,10,MPO3-4,MPO51-4,0.0402,0.0421,-0.0019,both
K7276529,2,2,11,34,34,11,MPO3-5,MPO51-5,0.0307,0.0972,-0.0665,both
K7276529,2,2,12,34,34,12,MPO3-6,MPO51-6,0.0213,0.1415,-0.1202,both
K7276529,2,2,13,34,34,13,MPO3-7,MPO51-7,0.0453,0.1501,-0.1048,both
K7276529,2,2,14,34,34,14,MPO3-8,MPO51-8,0.0406,0.1051,-0.0645,both
K7276529,2,2,15,34,34,15,MPO3-9,MPO51-9,0.0496,0.053,-0.0034,both
K7276529,2,2,16,34,34,16,MPO3-10,MPO51-10,0.0517,0.0275,0.0242,both
K7276529,2,2,17,34,34,17,MPO3-11,MPO51-11,0.0602,0.0948,-0.0346,both
K7276529,2,2,18,34,34,18,MPO3-12,MPO51-12,0.0564,0.0802,-0.0238,both
K7276529,3,3,1,35,35,1,MPO4-1,MPO52-1,0.0523,0.0864,-0.0341,both
K7276529,3,3,2,35,35,2,MPO4-2,MPO52-2,0.0456,0.0299,0.0157,both
K7276529,3,3,3,35,35,3,MPO4-3,MPO52-3,0.0388,0.0598,-0.021,both
K7276529,3,3,4,35,35,4,MPO4-4,MPO52-4,0.0529,0.0449,0.008,both
K7276529,3,3,5,35,35,5,MPO4-5,MPO52-5,0.0446,0.1115,-0.0669,both
K7276529,3,3,6,35,35,6,MPO4-6,MPO52-6,0.0797,0.154,-0.0743,both
K7276529,3,3,7,35,35,7,MPO4-7,MPO52-7,0.0473,0.1373,-0.09,both
K7276529,3,3,8,35,35,8,MPO4-8,MPO52-8,0.0689,0.092,-0.0231,both
K7276529,3,3,9,35,35,9,MPO4-9,MPO52-9,0.0551,0.037,0.0181,both
K7276529,3,3,10,35,35,10,MPO4-10,MPO52-10,0.0458,0.0198,0.026,both
K7276529,3,3,11,35,35,11,MPO4-11,MPO52-11,0.0471,0.0333,0.0138,both
K7276529,3,3,12,35,35,12,MPO4-12,MPO52-12,0.0521,0.0598,-0.0077,both
K7276529,3,3,13,35,35,13,MPO5-1,MPO53-1,0.0564,0.0547,0.0017,both
K7276529,3,3,14,35,35,14,MPO5-2,MPO53-2,0.0513,0.032,0.0193,both
K7276529,3,3,15,35,35,15,MPO5-3,MPO53-3,0.0471,0.0143,0.0328,both
K7276529,3,3,16,35,35,16,MPO5-4,MPO53-4,0.0572,0.0424,0.0148,both
K7276529,3,3,17,35,35,17,MPO5-5,MPO53-5,0.0845,0.0908,-0.0063,both
K7276529,3,3,18,35,35,18,MPO5-6,MPO53-6,0.071,0.1382,-0.0672,both
K7276529,4,4,1,36,36,1,MPO5-7,MPO53-7,0.0504,0.1433,-0.0929,both
K7276529,4,4,2,36,36,2,MPO5-8,MPO53-8,0.0318,0.0753,-0.0435,both
K7276529,4,4,3,36,36,3,MPO5-9,MPO53-9,0.0483,0.0491,-0.0008,both
K7276529,4,4,4,36,36,4,MPO5-10,MPO53-10,0.0473,0.0866,-0.0393,both
K7276529,4,4,5,36,36,5,MPO5-11,MPO53-11,0.0682,0.1544,-0.0862,both
K7276529,4,4,6,36,36,6,MPO5-12,MPO53-12,0.0548,0.1754,-0.1206,both
K7276529,4,4,7,36,36,7,MPO6-1,MPO54-1,0.7323,0.1646,0.5677,both
K7276529,4,4,8,36,36,8,MPO6-2,MPO54-2,0.064,0.1019,-0.0379,both
K7276529,4,4,9,36,36,9,MPO6-3,MPO54-3,0.0536,0.0521,0.0015,both
K7276529,4,4,10,36,36,10,MPO6-4,MPO54-4,0.034,0.0343,-0.0003,both
K7276529,4,4,11,36,36,11,MPO6-5,MPO54-5,0.0327,0.0651,-0.0324,both
K7276529,4,4,12,36,36,12,MPO6-6,MPO54-6,0.0592,0.1423,-0.0831,both
K7276529,4,4,13,36,36,13,MPO6-7,MPO54-7,0.0552,0.1316,-0.0764,both
K7276529,4,4,14,36,36,14,MPO6-8,MPO54-8,0.0416,0.0424,-0.0008,both
K7276529,4,4,15,36,36,15,MPO6-9,MPO54-9,0.0602,0.0425,0.0177,both
K7276529,4,4,16,36,36,16,MPO6-10,MPO54-10,0.0646,0.0729,-0.0083,both
K7276529,4,4,17,36,36,17,MPO6-11,MPO54-11,0.0895,0.1168,-0.0273,both
K7276529,4,4,18,36,36,18,MPO6-12,MPO54-12,0.0766,0.1818,-0.1052,both
K7276529,5,5,1,37,37,1,MPO7-1,MPO55-1,0.0271,0.1067,-0.0796,both
K7276529,5,5,2,37,37,2,MPO7-2,MPO55-2,0.0464,0.0849,-0.0385,both
K7276529,5,5,3,37,37,3,MPO7-3,MPO55-3,0.0185,0.0537,-0.0352,both
K7276529,5,5,4,37,37,4,MPO7-4,MPO55-4,0.0297,0.0203,0.0094,both
K7276529,5,5,5,37,37,5,MPO7-5,MPO55-5,0.0341,0.0502,-0.0161,both
K7276529,5,5,6,37,37,6,MPO7-6,MPO55-6,0.0408,0.0702,-0.0294,both
K7276529,5,5,7,37,37,7,MPO7-7,MPO55-7,0.0187,0.0721,-0.0534,both
K7276529,5,5,8,37,37,8,MPO7-8,MPO55-8,0.0214,0.0352,-0.0138,both
K7276529,5,5,9,37,37,9,MPO7-9,MPO55-9,0.0225,0.0234,-0.0009,both
K7276529,5,5,10,37,37,10,MPO7-10,MPO55-10,0.0408,0.0328,0.008,both
K7276529,5,5,11,37,37,11,MPO7-11,MPO55-11,0.0185,0.0722,-0.0537,both
K7276529,5,5,12,37,37,12,MPO7-12,MPO55-12,0.0343,0.1123,-0.078,both
K7276529,5,5,13,37,37,13,MPO8-1,MPO56-1,0.2707,0.1596,0.1111,both
K7276529,5,5,14,37,37,14,MPO8-2,MPO56-2,0.0562,0.1619,-0.1057,both
K7276529,5,5,15,37,37,15,MPO8-3,MPO56-3,0.1696,0.1762,-0.0066,both
K7276529,5,5,16,37,37,16,MPO8-4,MPO56-4,0.2545,0.1785,0.076,both
K7276529,5,5,17,37,37,17,MPO8-5,MPO56-5,0.0461,0.0791,-0.033,both
K7276529,5,5,18,37,37,18,MPO8-6,MPO56-6,0.2094,0.1054,0.104,both
K7276529,6,6,1,38,38,1,MPO8-7,MPO56-7,0.0688,0.2172,-0.1484,both
K7276529,6,6,2,38,38,2,MPO8-8,MPO56-8,0.2404,0.2293,0.0111,both
K7276529,6,6,3,38,38,3,MPO8-9,MPO56-9,0.0422,0.1018,-0.0596,both
K7276529,6,6,4,38,38,4,MPO8-10,MPO56-10,0.1197,0.0662,0.0535,both
K7276529,6,6,5,38,38,5,MPO8-11,MPO56-11,0.0257,0.0724,-0.0467,both
K7276529,6,6,6,38,38,6,MPO8-12,MPO56-12,0.1885,0.1815,0.007,both
K7276529,6,6,7,38,38,7,MPO9-1,MPO57-1,0.0742,0.1366,-0.0624,both
K7276529,6,6,8,38,38,8,MPO9-2,MPO57-2,0.0828,0.1055,-0.0227,both
K7276529,6,6,9,38,38,9,MPO9-3,MPO57-3,0.0568,0.0412,0.0156,both
K7276529,6,6,10,38,38,10,MPO9-4,MPO57-4,0.056,0.0401,0.0159,both
K7276529,6,6,11,38,38,11,MPO9-5,MPO57-5,0.0559,0.0976,-0.0417,both
K7276529,6,6,12,38,38,12,MPO9-6,MPO57-6,0.0411,0.1433,-0.1022,both
K7276529,6,6,13,38,38,13,MPO9-7,MPO57-7,0.0546,0.1106,-0.056,both
K7276529,6,6,14,38,38,14,MPO9-8,MPO57-8,0.0643,0.0563,0.008,both
K7276529,6,6,15,38,38,15,MPO9-9,MPO57-9,0.0562,0.014,0.0422,both
K7276529,6,6,16,38,38,16,MPO9-10,MPO57-10,0.0674,0.0433,0.0241,both
K7276529,6,6,17,38,38,17,MPO9-11,MPO57-11,0.0755,0.091,-0.0155,both
K7276529,6,6,18,38,38,18,MPO9-12,MPO57-12,0.0575,0.1158,-0.0583,both
K7276529,7,7,1,39,39,1,MPO10-1,MPO58-1,0.042,0.1254,-0.0834,both
K7276529,7,7,2,39,39,2,MPO10-2,MPO58-2,0.0518,0.0411,0.0107,both
K7276529,7,7,3,39,39,3,MPO10-3,MPO58-3,0.0568,0.0286,0.0282,both
K7276529,7,7,4,39,39,4,MPO10-4,MPO58-4,0.0487,0.033,0.0157,both
K7276529,7,7,5,39,39,5,MPO10-5,MPO58-5,0.0804,0.1517,-0.0713,both
K7276529,7,7,6,39,39,6,MPO10-6,MPO58-6,0.0692,0.1731,-0.1039,both
K7276529,7,7,7,39,39,7,MPO10-7,MPO58-7,0.0487,0.1615,-0.1128,both
K7276529,7,7,8,39,39,8,MPO10-8,MPO58-8,0.0712,0.0936,-0.0224,both
K7276529,7,7,9,39,39,9,MPO10-9,MPO58-9,0.0645,0.0307,0.0338,both
K7276529,7,7,10,39,39,10,MPO10-10,MPO58-10,0.0412,0.0324,0.0088,both
K7276529,7,7,11,39,39,11,MPO10-11,MPO58-11,0.0527,0.0493,0.0034,both
K7276529,7,7,12,39,39,12,MPO10-12,MPO58-12,0.0618,0.113,-0.0512,both
K7276529,7,7,13,39,39,13,MPO11-1,MPO59-1,0.0864,0.0917,-0.0053,both
K7276529,7,7,14,39,39,14,MPO11-2,MPO59-2,0.0568,0.0587,-0.0019,both
K7276529,7,7,15,39,39,15,MPO11-3,MPO59-3,0.0567,0.0259,0.0308,both
K7276529,7,7,16,39,39,16,MPO11-4,MPO59-4,0.0661,0.046,0.0201,both
K7276529,7,7,17,39,39,17,MPO11-5,MPO59-5,0.0784,0.1264,-0.048,both
K7276529,7,7,18,39,39,18,MPO11-6,MPO59-6,0.0738,0.1835,-0.1097,both
K7276529,8,8,1,40,40,1,MPO11-7,MPO59-7,0.0405,0.0543,-0.0138,both
K7276529,8,8,2,40,40,2,MPO11-8,MPO59-8,0.0508,0.0601,-0.0093,both
K7276529,8,8,3,40,40,3,MPO11-9,MPO59-9,0.0338,0.0273,0.0065,both
K7276529,8,8,4,40,40,4,MPO11-10,MPO59-10,0.0291,0.0368,-0.0077,both
K7276529,8,8,5,40,40,5,MPO11-11,MPO59-11,0.0642,0.06,0.0042,both
K7276529,8,8,6,40,40,6,MPO11-12,MPO59-12,0.084,0.0946,-0.0106,both
K7276529,8,8,7,40,40,7,MPO12-1,MPO60-1,0.0596,0.0842,-0.0246,both
K7276529,8,8,8,40,40,8,MPO12-2,MPO60-2,0.0554,0.0493,0.0061,both
K7276529,8,8,9,40,40,9,MPO12-3,MPO60-3,0.0603,0.0179,0.0424,both
K7276529,8,8,10,40,40,10,MPO12-4,MPO60-4,0.044,0.0186,0.0254,both
K7276529,8,8,11,40,40,11,MPO12-5,MPO60-5,0.0458,0.0325,0.0133,both
K7276529,8,8,12,40,40,12,MPO12-6,MPO60-6,0.0421,0.0521,-0.01,both
K7276529,8,8,13,40,40,13,MPO12-7,MPO60-7,0.0467,0.0614,-0.0147,both
K7276529,8,8,14,40,40,14,MPO12-8,MPO60-8,0.0486,0.0205,0.0281,both
K7276529,8,8,15,40,40,15,MPO12-9,MPO60-9,0.0514,0.0141,0.0373,both
K7276529,8,8,16,40,40,16,MPO12-10,MPO60-10,0.0562,0.0164,0.0398,both
K7276529,8,8,17,40,40,17,MPO12-11,MPO60-11,0.0578,0.0716,-0.0138,both
K7276529,8,8,18,40,40,18,MPO12-12,MPO60-12,0.0553,0.0758,-0.0205,both
K7276529,9,9,1,41,41,1,MPO13-1,MPO61-1,0.0209,0.1082,-0.0873,both
K7276529,9,9,2,41,41,2,MPO13-2,MPO61-2,0.0257,0.0854,-0.0597,both
K7276529,9,9,3,41,41,3,MPO13-3,MPO61-3,0.0198,0.022,-0.0022,both
K7276529,9,9,4,41,41,4,MPO13-4,MPO61-4,0.0339,0.0188,0.0151,both
K7276529,9,9,5,41,41,5,MPO13-5,MPO61-5,0.0582,0.094,-0.0358,both
K7276529,9,9,6,41,41,6,MPO13-6,MPO61-6,0.0374,0.1436,-0.1062,both
K7276529,9,9,7,41,41,7,MPO13-7,MPO61-7,0.0648,0.1056,-0.0408,both
K7276529,9,9,8,41,41,8,MPO13-8,MPO61-8,0.0388,0.0995,-0.0607,both
K7276529,9,9,9,41,41,9,MPO13-9,MPO61-9,0.048,0.0352,0.0128,both
K7276529,9,9,10,41,41,10,MPO13-10,MPO61-10,0.0271,0.0213,0.0058,both
K7276529,9,9,11,41,41,11,MPO13-11,MPO61-11,0.0362,0.0582,-0.022,both
K7276529,9,9,12,41,41,12,MPO13-12,MPO61-12,0.0444,0.1151,-0.0707,both
K7276529,9,9,13,41,41,13,MPO14-1,MPO62-1,0.0379,0.1253,-0.0874,both
K7276529,9,9,14,41,41,14,MPO14-2,MPO62-2,0.0455,0.0399,0.0056,both
K7276529,9,9,15,41,41,15,MPO14-3,MPO62-3,0.0379,0.0136,0.0243,both
K7276529,9,9,16,41,41,16,MPO14-4,MPO62-4,0.0437,0.0139,0.0298,both
K7276529,9,9,17,41,41,17,MPO14-5,MPO62-5,0.038,0.0909,-0.0529,both
K7276529,9,9,18,41,41,18,MPO14-6,MPO62-6,0.0448,0.19,-0.1452,both
K7276529,10,10,1,42,42,1,MPO14-7,MPO62-7,0.0303,0.0669,-0.0366,both
K7276529,10,10,2,42,42,2,MPO14-8,MPO62-8,0.0221,0.0545,-0.0324,both
K7276529,10,10,3,42,42,3,MPO14-9,MPO62-9,0.0405,0.0197,0.0208,both
K7276529,10,10,4,42,42,4,MPO14-10,MPO62-10,0.0432,0.0526,-0.0094,both
K7276529,10,10,5,42,42,5,MPO14-11,MPO62-11,0.0436,0.1072,-0.0636,both
K7276529,10,10,6,42,42,6,MPO14-12,MPO62-12,0.0562,0.2012,-0.145,both
K7276529,10,10,7,42,42,7,MPO15-1,MPO63-1,0.0487,0.1526,-0.1039,both
K7276529,10,10,8,42,42,8,MPO15-2,MPO63-2,0.0623,0.0781,-0.0158,both
K7276529,10,10,9,42,42,9,MPO15-3,MPO63-3,0.0972,0.0441,0.0531,both
K7276529,10,10,10,42,42,10,MPO15-4,MPO63-4,0.0529,0.0263,0.0266,both
K7276529,10,10,11,42,42,11,MPO15-5,MPO63-5,0.0567,0.0233,0.0334,both
K7276529,10,10,12,42,42,12,MPO15-6,MPO63-6,0.066,0.0629,0.0031,both
K7276529,10,10,13,42,42,13,MPO15-7,MPO63-7,0.0748,0.0391,0.0357,both
K7276529,10,10,14,42,42,14,MPO15-8,MPO63-8,0.0606,0.0219,0.0387,both
K7276529,10,10,15,42,42,15,MPO15-9,MPO63-9,0.0516,0.0376,0.014,both
K7276529,10,10,16,42,42,16,MPO15-10,MPO63-10,0.0407,0.0483,-0.0076,both
K7276529,10,10,17,42,42,17,MPO15-11,MPO63-11,0.0659,0.1372,-0.0713,both
K7276529,10,10,18,42,42,18,MPO15-12,MPO63-12,0.0574,0.162,-0.1046,both
K7276529,11,11,1,43,43,1,MPO16-1,MPO64-1,0.0414,0.0651,-0.0237,both
K7276529,11,11,2,43,43,2,MPO16-2,MPO64-2,0.0277,0.0315,-0.0038,both
K7276529,11,11,3,43,43,3,MPO16-3,MPO64-3,0.0372,0.0209,0.0163,both
K7276529,11,11,4,43,43,4,MPO16-4,MPO64-4,0.0549,0.0497,0.0052,both
K7276529,11,11,5,43,43,5,MPO16-5,MPO64-5,0.0651,0.1312,-0.0661,both
K7276529,11,11,6,43,43,6,MPO16-6,MPO64-6,0.0717,0.2202,-0.1485,both
K7276529,11,11,7,43,43,7,MPO16-7,MPO64-7,0.9973,0.1468,0.8505,both
K7276529,11,11,8,43,43,8,MPO16-8,MPO64-8,0.0771,0.0941,-0.017,both
K7276529,11,11,9,43,43,9,MPO16-9,MPO64-9,0.0601,0.0439,0.0162,both
K7276529,11,11,10,43,43,10,MPO16-10,MPO64-10,0.0444,0.0421,0.0023,both
K7276529,11,11,11,43,43,11,MPO16-11,MPO64-11,0.0436,0.0345,0.0091,both
K7276529,11,11,12,43,43,12,MPO16-12,MPO64-12,0.0557,0.0443,0.0114,both
K7276529,11,11,13,43,43,13,MPO17-1,MPO65-1,0.0505,0.021,0.0295,both
K7276529,11,11,14,43,43,14,MPO17-2,MPO65-2,0.0607,0.035,0.0257,both
K7276529,11,11,15,43,43,15,MPO17-3,MPO65-3,0.0445,0.0601,-0.0156,both
K7276529,11,11,16,43,43,16,MPO17-4,MPO65-4,0.0662,0.0518,0.0144,both
K7276529,11,11,17,43,43,17,MPO17-5,MPO65-5,0.0669,0.0751,-0.0082,both
K7276529,11,11,18,43,43,18,MPO17-6,MPO65-6,0.0869,0.1462,-0.0593,both
K7276529,12,12,1,44,44,1,MPO17-7,MPO65-7,0.0444,0.0997,-0.0553,both
K7276529,12,12,2,44,44,2,MPO17-8,MPO65-8,0.0396,0.0411,-0.0015,both
K7276529,12,12,3,44,44,3,MPO17-9,MPO65-9,0.036,0.0333,0.0027,both
K7276529,12,12,4,44,44,4,MPO17-10,MPO65-10,0.0591,0.0213,0.0378,both
K7276529,12,12,5,44,44,5,MPO17-11,MPO65-11,0.0498,0.0791,-0.0293,both
K7276529,12,12,6,44,44,6,MPO17-12,MPO65-12,0.0605,0.1124,-0.0519,both
K7276529,12,12,7,44,44,7,MPO18-1,MPO66-1,0.056,0.0987,-0.0427,both
K7276529,12,12,8,44,44,8,MPO18-2,MPO66-2,0.0515,0.0671,-0.0156,both
K7276529,12,12,9,44,44,9,MPO18-3,MPO66-3,0.0589,0.0254,0.0335,both
K7276529,12,12,10,44,44,10,MPO18-4,MPO66-4,0.0549,0.0219,0.033,both
K7276529,12,12,11,44,44,11,MPO18-5,MPO66-5,0.0517,0.0392,0.0125,both
K7276529,12,12,12,44,44,12,MPO18-6,MPO66-6,0.0527,0.0881,-0.0354,both
K7276529,12,12,13,44,44,13,MPO18-7,MPO66-7,0.057,0.08,-0.023,both
K7276529,12,12,14,44,44,14,MPO18-8,MPO66-8,0.058,0.0487,0.0093,both
K7276529,12,12,15,44,44,15,MPO18-9,MPO66-9,0.0566,0.0186,0.038,both
K7276529,12,12,16,44,44,16,MPO18-10,MPO66-10,0.0638,0.0297,0.0341,both
K7276529,12,12,17,44,44,17,MPO18-11,MPO66-11,0.0486,0.0549,-0.0063,both
K7276529,12,12,18,44,44,18,MPO18-12,MPO66-12,0.0613,0.0822,-0.0209,both
K7276529,13,13,1,45,45,1,MPO19-1,MPO67-1,0.0595,0.0825,-0.023,both
K7276529,13,13,2,45,45,2,MPO19-2,MPO67-2,0.0594,0.0597,-0.0003,both
K7276529,13,13,3,45,45,3,MPO19-3,MPO67-3,0.0632,0.021,0.0422,both
K7276529,13,13,4,45,45,4,MPO19-4,MPO67-4,0.0708,0.0376,0.0332,both
K7276529,13,13,5,45,45,5,MPO19-5,MPO67-5,0.081,0.1148,-0.0338,both
K7276529,13,13,6,45,45,6,MPO19-6,MPO67-6,0.0579,0.1154,-0.0575,both
K7276529,13,13,7,45,45,7,MPO19-7,MPO67-7,0.6051,0.1125,0.4926,both
K7276529,13,13,8,45,45,8,MPO19-8,MPO67-8,0.0648,0.0805,-0.0157,both
K7276529,13,13,9,45,45,9,MPO19-9,MPO67-9,0.0678,0.0303,0.0375,both
K7276529,13,13,10,45,45,10,MPO19-10,MPO67-10,0.0742,0.0208,0.0534,both
K7276529,13,13,11,45,45,11,MPO19-11,MPO67-11,0.0668,0.0338,0.033,both
K7276529,13,13,12,45,45,12,MPO19-12,MPO67-12,0.076,0.0449,0.0311,both
K7276529,13,13,13,45,45,13,MPO20-1,MPO68-1,0.075,0.0448,0.0302,both
K7276529,13,13,14,45,45,14,MPO20-2,MPO68-2,0.0829,0.0318,0.0511,both
K7276529,13,13,15,45,45,15,MPO20-3,MPO68-3,0.0644,0.0224,0.042,both
K7276529,13,13,16,45,45,16,MPO20-4,MPO68-4,0.0644,0.0441,0.0203,both
K7276529,13,13,17,45,45,17,MPO20-5,MPO68-5,0.0648,0.0814,-0.0166,both
K7276529,13,13,18,45,45,18,MPO20-6,MPO68-6,0.0632,0.1004,-0.0372,both
K7276529,14,14,1,46,46,1,MPO20-7,MPO68-7,0.04,0.145,-0.105,both
K7276529,14,14,2,46,46,2,MPO20-8,MPO68-8,0.0279,0.0677,-0.0398,both
K7276529,14,14,3,46,46,3,MPO20-9,MPO68-9,0.0308,0.0291,0.0017,both
K7276529,14,14,4,46,46,4,MPO20-10,MPO68-10,0.0512,0.0477,0.0035,both
K7276529,14,14,5,46,46,5,MPO20-11,MPO68-11,0.0421,0.1145,-0.0724,both
K7276529,14,14,6,46,46,6,MPO20-12,MPO68-12,0.0406,0.1998,-0.1592,both
K7276529,14,14,7,46,46,7,MPO21-1,MPO69-1,2.353,0.2171,2.1359,both
K7276529,14,14,8,46,46,8,MPO21-2,MPO69-2,0.0791,0.0647,0.0144,both
K7276529,14,14,9,46,46,9,MPO21-3,MPO69-3,0.0854,0.0375,0.0479,both
K7276529,14,14,10,46,46,10,MPO21-4,MPO69-4,0.047,0.028,0.019,both
K7276529,14,14,11,46,46,11,MPO21-5,MPO69-5,0.0387,0.061,-0.0223,both
K7276529,14,14,12,46,46,12,MPO21-6,MPO69-6,0.0439,0.1235,-0.0796,both
K7276529,14,14,13,46,46,13,MPO21-7,MPO69-7,0.0496,0.1189,-0.0693,both
K7276529,14,14,14,46,46,14,MPO21-8,MPO69-8,0.0575,0.0505,0.007,both
K7276529,14,14,15,46,46,15,MPO21-9,MPO69-9,0.0499,0.0121,0.0378,both
K7276529,14,14,16,46,46,16,MPO21-10,MPO69-10,0.0606,0.027,0.0336,both
K7276529,14,14,17,46,46,17,MPO21-11,MPO69-11,0.0713,0.0986,-0.0273,both
K7276529,14,14,18,46,46,18,MPO21-12,MPO69-12,0.0504,0.1714,-0.121,both
K7276529,15,15,1,47,47,1,MPO22-1,MPO70-1,0.0359,0.2254,-0.1895,both
K7276529,15,15,2,47,47,2,MPO22-2,MPO70-2,0.0376,0.1436,-0.106,both
K7276529,15,15,3,47,47,3,MPO22-3,MPO70-3,0.0368,0.0436,-0.0068,both
K7276529,15,15,4,47,47,4,MPO22-4,MPO70-4,0.0281,0.032,-0.0039,both
K7276529,15,15,5,47,47,5,MPO22-5,MPO70-5,0.0501,0.0469,0.0032,both
K7276529,15,15,6,47,47,6,MPO22-6,MPO70-6,0.0588,0.0882,-0.0294,both
K7276529,15,15,7,47,47,7,MPO22-7,MPO70-7,0.5017,0.092,0.4097,both
K7276529,15,15,8,47,47,8,MPO22-8,MPO70-8,0.03,0.032,-0.002,both
K7276529,15,15,9,47,47,9,MPO22-9,MPO70-9,0.042,0.0261,0.0159,both
K7276529,15,15,10,47,47,10,MPO22-10,MPO70-10,0.0368,0.0308,0.006,both
K7276529,15,15,11,47,47,11,MPO22-11,MPO70-11,0.0316,0.0967,-0.0651,both
K7276529,15,15,12,47,47,12,MPO22-12,MPO70-12,0.0324,0.172,-0.1396,both
K7276529,15,15,13,47,47,13,MPO23-1,MPO71-1,0.0276,0.2136,-0.186,both
K7276529,15,15,14,47,47,14,MPO23-2,MPO71-2,0.0422,0.1067,-0.0645,both
K7276529,15,15,15,47,47,15,MPO23-3,MPO71-3,0.0252,0.0332,-0.008,both
K7276529,15,15,16,47,47,16,MPO23-4,MPO71-4,0.0385,0.0172,0.0213,both
K7276529,15,15,17,47,47,17,MPO23-5,MPO71-5,0.0528,0.0443,0.0085,both
K7276529,15,15,18,47,47,18,MPO23-6,MPO71-6,0.0438,0.109,-0.0652,both
K7276529,16,16,1,48,48,1,MPO23-7,MPO71-7,0.0754,0.0652,0.0102,both
K7276529,16,16,2,48,48,2,MPO23-8,MPO71-8,0.0384,0.0416,-0.0032,both
K7276529,16,16,3,48,48,3,MPO23-9,MPO71-9,0.0314,0.0235,0.0079,both
K7276529,16,16,4,48,48,4,MPO23-10,MPO71-10,0.0442,0.0389,0.0053,both
K7276529,16,16,5,48,48,5,MPO23-11,MPO71-11,0.0343,0.1123,-0.078,both
K7276529,16,16,6,48,48,6,MPO23-12,MPO71-12,0.0628,0.1024,-0.0396,both
K7276529,16,16,7,48,48,7,MPO24-1,MPO72-1,0.0353,0.1019,-0.0666,both
K7276529,16,16,8,48,48,8,MPO24-2,MPO72-2,0.038,0.0609,-0.0229,both
K7276529,16,16,9,48,48,9,MPO24-3,MPO72-3,0.0488,0.0216,0.0272,both
K7276529,16,16,10,48,48,10,MPO24-4,MPO72-4,0.0375,0.0269,0.0106,both
K7276529,16,16,11,48,48,11,MPO24-5,MPO72-5,0.051,0.0354,0.0156,both
K7276529,16,16,12,48,48,12,MPO24-6,MPO72-6,0.0627,0.0441,0.0186,both
K7276529,16,16,13,48,48,13,MPO24-7,MPO72-7,0.0671,0.0511,0.016,both
K7276529,16,16,14,48,48,14,MPO24-8,MPO72-8,0.0724,0.0356,0.0368,both
K7276529,16,16,15,48,48,15,MPO24-9,MPO72-9,0.049,0.0351,0.0139,both
K7276529,16,16,16,48,48,16,MPO24-10,MPO72-10,0.0423,0.0226,0.0197,both
K7276529,16,16,17,48,48,17,MPO24-11,MPO72-11,0.0418,0.0635,-0.0217,both
K7276529,16,16,18,48,48,18,MPO24-12,MPO72-12,0.0376,0.1104,-0.0728,both
K7276529,17,17,1,49,49,1,MPO25-1,MPO73-1,0.0339,0.129,-0.0951,both
K7276529,17,17,2,49,49,2,MPO25-2,MPO73-2,0.0343,0.0855,-0.0512,both
K7276529,17,17,3,49,49,3,MPO25-3,MPO73-3,0.0361,0.0294,0.0067,both
K7276529,17,17,4,49,49,4,MPO25-4,MPO73-4,0.0298,0.0233,0.0065,both
K7276529,17,17,5,49,49,5,MPO25-5,MPO73-5,0.032,0.0869,-0.0549,both
K7276529,17,17,6,49,49,6,MPO25-6,MPO73-6,0.0574,0.1388,-0.0814,both
K7276529,17,17,7,49,49,7,MPO25-7,MPO73-7,0.0742,0.0783,-0.0041,both
K7276529,17,17,8,49,49,8,MPO25-8,MPO73-8,0.0642,0.0726,-0.0084,both
K7276529,17,17,9,49,49,9,MPO25-9,MPO73-9,0.0576,0.0173,0.0403,both
K7276529,17,17,10,49,49,10,MPO25-10,MPO73-10,0.0431,0.0242,0.0189,both
K7276529,17,17,11,49,49,11,MPO25-11,MPO73-11,0.0323,0.0385,-0.0062,both
K7276529,17,17,12,49,49,12,MPO25-12,MPO73-12,0.0511,0.1061,-0.055,both
K7276529,17,17,13,49,49,13,MPO26-1,MPO74-1,0.0406,0.1012,-0.0606,both
K7276529,17,17,14,49,49,14,MPO26-2,MPO74-2,0.0383,0.0419,-0.0036,both
K7276529,17,17,15,49,49,15,MPO26-3,MPO74-3,0.0446,0.0141,0.0305,both
K7276529,17,17,16,49,49,16,MPO26-4,MPO74-4,0.0537,0.0175,0.0362,both
K7276529,17,17,17,49,49,17,MPO26-5,MPO74-5,0.0698,0.0852,-0.0154,both
K7276529,17,17,18,49,49,18,MPO26-6,MPO74-6,0.0536,0.1087,-0.0551,both
K7276529,18,18,1,50,50,1,MPO26-7,MPO74-7,0.0436,0.1113,-0.0677,both
K7276529,18,18,2,50,50,2,MPO26-8,MPO74-8,0.0598,0.0551,0.0047,both
K7276529,18,18,3,50,50,3,MPO26-9,MPO74-9,0.0431,0.0293,0.0138,both
K7276529,18,18,4,50,50,4,MPO26-10,MPO74-10,0.0451,0.0389,0.0062,both
K7276529,18,18,5,50,50,5,MPO26-11,MPO74-11,0.0469,0.0995,-0.0526,both
K7276529,18,18,6,50,50,6,MPO26-12,MPO74-12,0.0611,0.1967,-0.1356,both
K7276529,18,18,7,50,50,7,MPO27-1,MPO75-1,0.0916,0.1454,-0.0538,both
K7276529,18,18,8,50,50,8,MPO27-2,MPO75-2,0.0791,0.0955,-0.0164,both
K7276529,18,18,9,50,50,9,MPO27-3,MPO75-3,0.0578,0.0456,0.0122,both
K7276529,18,18,10,50,50,10,MPO27-4,MPO75-4,0.0348,0.0151,0.0197,both
K7276529,18,18,11,50,50,11,MPO27-5,MPO75-5,0.0551,0.0541,0.001,both
K7276529,18,18,12,50,50,12,MPO27-6,MPO75-6,0.0484,0.0959,-0.0475,both
K7276529,18,18,13,50,50,13,MPO27-7,MPO75-7,0.0639,0.1296,-0.0657,both
K7276529,18,18,14,50,50,14,MPO27-8,MPO75-8,0.0908,0.0726,0.0182,both
K7276529,18,18,15,50,50,15,MPO27-9,MPO75-9,0.0382,0.0708,-0.0326,both
K7276529,18,18,16,50,50,16,MPO27-10,MPO75-10,0.0862,0.0772,0.009,both
K7276529,18,18,17,50,50,17,MPO27-11,MPO75-11,0.1398,0.0787,0.0611,both
K7276529,18,18,18,50,50,18,MPO27-12,MPO75-12,0.0954,0.1458,-0.0504,both
K7276529,19,19,1,51,51,1,MPO28-1,MPO76-1,0.0444,0.0986,-0.0542,both
K7276529,19,19,2,51,51,2,MPO28-2,MPO76-2,0.0279,0.0688,-0.0409,both
K7276529,19,19,3,51,51,3,MPO28-3,MPO76-3,0.0257,0.0267,-0.001,both
K7276529,19,19,4,51,51,4,MPO28-4,MPO76-4,0.0356,0.0333,0.0023,both
K7276529,19,19,5,51,51,5,MPO28-5,MPO76-5,0.0491,0.1149,-0.0658,both
K7276529,19,19,6,51,51,6,MPO28-6,MPO76-6,0.0262,0.2231,-0.1969,both
K7276529,19,19,7,51,51,7,MPO28-7,MPO76-7,0.0319,0.2143,-0.1824,both
K7276529,19,19,8,51,51,8,MPO28-8,MPO76-8,1.1819,0.1276,1.0543,both
K7276529,19,19,9,51,51,9,MPO28-9,MPO76-9,0.0398,0.0397,0.0001,both
K7276529,19,19,10,51,51,10,MPO28-10,MPO76-10,0.0299,0.0162,0.0137,both
K7276529,19,19,11,51,51,11,MPO28-11,MPO76-11,0.3002,0.0508,0.2494,both
K7276529,19,19,12,51,51,12,MPO28-12,MPO76-12,0.0444,0.1064,-0.062,both
K7276529,19,19,13,51,51,13,MPO29-1,MPO77-1,0.0392,0.1003,-0.0611,both
K7276529,19,19,14,51,51,14,MPO29-2,MPO77-2,0.0395,0.0587,-0.0192,both
K7276529,19,19,15,51,51,15,MPO29-3,MPO77-3,0.0365,0.0324,0.0041,both
K7276529,19,19,16,51,51,16,MPO29-4,MPO77-4,0.0447,0.0796,-0.0349,both
K7276529,19,19,17,51,51,17,MPO29-5,MPO77-5,0.0534,0.1835,-0.1301,both
K7276529,19,19,18,51,51,18,MPO29-6,MPO77-6,0.0313,0.243,-0.2117,both
K7276529,20,20,1,52,52,1,MPO29-7,MPO77-7,0.0356,0.0524,-0.0168,both
K7276529,20,20,2,52,52,2,MPO29-8,MPO77-8,0.0185,0.0372,-0.0187,both
K7276529,20,20,3,52,52,3,MPO29-9,MPO77-9,0.0328,0.0546,-0.0218,both
K7276529,20,20,4,52,52,4,MPO29-10,MPO77-10,0.0774,0.0511,0.0263,both
K7276529,20,20,5,52,52,5,MPO29-11,MPO77-11,0.0582,0.0434,0.0148,both
K7276529,20,20,6,52,52,6,MPO29-12,MPO77-12,0.0564,0.0874,-0.031,both
K7276529,20,20,7,52,52,7,MPO30-1,MPO78-1,0.0796,0.093,-0.0134,both
K7276529,20,20,8,52,52,8,MPO30-2,MPO78-2,0.0553,0.0816,-0.0263,both
K7276529,20,20,9,52,52,9,MPO30-3,MPO78-3,0.0332,0.0195,0.0137,both
K7276529,20,20,10,52,52,10,MPO30-4,MPO78-4,0.0357,0.0371,-0.0014,both
K7276529,20,20,11,52,52,11,MPO30-5,MPO78-5,0.0576,0.0357,0.0219,both
K7276529,20,20,12,52,52,12,MPO30-6,MPO78-6,0.0322,0.0503,-0.0181,both
K7276529,20,20,13,52,52,13,MPO30-7,MPO78-7,0.0542,0.0221,0.0321,both
K7276529,20,20,14,52,52,14,MPO30-8,MPO78-8,0.0508,0.0343,0.0165,both
K7276529,20,20,15,52,52,15,MPO30-9,MPO78-9,0.0319,0.0342,-0.0023,both
K7276529,20,20,16,52,52,16,MPO30-10,MPO78-10,0.0416,0.0238,0.0178,both
K7276529,20,20,17,52,52,17,MPO30-11,MPO78-11,0.0715,0.077,-0.0055,both
K7276529,20,20,18,52,52,18,MPO30-12,MPO78-12,0.0418,0.1214,-0.0796,both
K7276529,21,21,1,53,53,1,MPO31-1,MPO79-1,0.0445,0.0506,-0.0061,both
K7276529,21,21,2,53,53,2,MPO31-2,MPO79-2,0.0486,0.0869,-0.0383,both
K7276529,21,21,3,53,53,3,MPO31-3,MPO79-3,0.0255,0.0397,-0.0142,both
K7276529,21,21,4,53,53,4,MPO31-4,MPO79-4,0.0502,0.0628,-0.0126,both
K7276529,21,21,5,53,53,5,MPO31-5,MPO79-5,0.0809,0.1386,-0.0577,both
K7276529,21,21,6,53,53,6,MPO31-6,MPO79-6,0.0714,0.2156,-0.1442,both
K7276529,21,21,7,53,53,7,MPO31-7,MPO79-7,0.0475,0.1808,-0.1333,both
K7276529,21,21,8,53,53,8,MPO31-8,MPO79-8,0.0505,0.1039,-0.0534,both
K7276529,21,21,9,53,53,9,MPO31-9,MPO79-9,0.0474,0.0482,-0.0008,both
K7276529,21,21,10,53,53,10,MPO31-10,MPO79-10,0.0403,0.0188,0.0215,both
K7276529,21,21,11,53,53,11,MPO31-11,MPO79-11,0.0327,0.0217,0.011,both
K7276529,21,21,12,53,53,12,MPO31-12,MPO79-12,0.0401,0.0329,0.0072,both
K7276529,21,21,13,53,53,13,MPO32-1,MPO80-1,0.0485,0.0464,0.0021,both
K7276529,21,21,14,53,53,14,MPO32-2,MPO80-2,0.0666,0.0227,0.0439,both
K7276529,21,21,15,53,53,15,MPO32-3,MPO80-3,0.0345,0.0272,0.0073,both
K7276529,21,21,16,53,53,16,MPO32-4,MPO80-4,0.0554,0.0445,0.0109,both
K7276529,21,21,17,53,53,17,MPO32-5,MPO80-5,0.0413,0.1078,-0.0665,both
K7276529,21,21,18,53,53,18,MPO32-6,MPO80-6,0.0442,0.1694,-0.1252,both
K7276529,22,22,1,54,54,1,MPO32-7,MPO80-7,0.0256,0.0486,-0.023,both
K7276529,22,22,2,54,54,2,MPO32-8,MPO80-8,0.0381,0.048,-0.0099,both
K7276529,22,22,3,54,54,3,MPO32-9,MPO80-9,0.0362,0.0332,0.003,both
K7276529,22,22,4,54,54,4,MPO32-10,MPO80-10,0.0479,0.0164,0.0315,both
K7276529,22,22,5,54,54,5,MPO32-11,MPO80-11,0.0475,0.0347,0.0128,both
K7276529,22,22,6,54,54,6,MPO32-12,MPO80-12,0.0293,0.0583,-0.029,both
K7276529,22,22,7,54,54,7,MPO33-1,MPO81-1,0.0465,0.0251,0.0214,both
K7276529,22,22,8,54,54,8,MPO33-2,MPO81-2,0.051,0.0369,0.0141,both
K7276529,22,22,9,54,54,9,MPO33-3,MPO81-3,0.0615,0.0314,0.0301,both
K7276529,22,22,10,54,54,10,MPO33-4,MPO81-4,0.0426,0.039,0.0036,both
K7276529,22,22,11,54,54,11,MPO33-5,MPO81-5,0.0706,0.0335,0.0371,both
K7276529,22,22,12,54,54,12,MPO33-6,MPO81-6,0.0253,0.0467,-0.0214,both
K7276529,22,22,13,54,54,13,MPO33-7,MPO81-7,0.0357,0.06,-0.0243,both
K7276529,22,22,14,54,54,14,MPO33-8,MPO81-8,0.0485,0.0625,-0.014,both
K7276529,22,22,15,54,54,15,MPO33-9,MPO81-9,0.0501,0.0539,-0.0038,both
K7276529,22,22,16,54,54,16,MPO33-10,MPO81-10,0.0274,0.0483,-0.0209,both
K7276529,22,22,17,54,54,17,MPO33-11,MPO81-11,0.0398,0.0367,0.0031,both
K7276529,22,22,18,54,54,18,MPO33-12,MPO81-12,0.0381,0.0433,-0.0052,both
K7276529,23,23,1,55,55,1,MPO34-1,MPO82-1,0.027,0.1521,-0.1251,both
K7276529,23,23,2,55,55,2,MPO34-2,MPO82-2,0.0397,0.0876,-0.0479,both
K7276529,23,23,3,55,55,3,MPO34-3,MPO82-3,0.0216,0.0302,-0.0086,both
K7276529,23,23,4,55,55,4,MPO34-4,MPO82-4,0.0328,0.044,-0.0112,both
K7276529,23,23,5,55,55,5,MPO34-5,MPO82-5,0.0219,0.1016,-0.0797,both
K7276529,23,23,6,55,55,6,MPO34-6,MPO82-6,0.0272,0.1438,-0.1166,both
K7276529,23,23,7,55,55,7,MPO34-7,MPO82-7,0.0227,0.1542,-0.1315,both
K7276529,23,23,8,55,55,8,MPO34-8,MPO82-8,0.0426,0.0656,-0.023,both
K7276529,23,23,9,55,55,9,MPO34-9,MPO82-9,0.0333,0.0223,0.011,both
K7276529,23,23,10,55,55,10,MPO34-10,MPO82-10,0.0262,0.0436,-0.0174,both
K7276529,23,23,11,55,55,11,MPO34-11,MPO82-11,0.0206,0.0822,-0.0616,both
K7276529,23,23,12,55,55,12,MPO34-12,MPO82-12,0.0345,0.1067,-0.0722,both
K7276529,23,23,13,55,55,13,MPO35-1,MPO83-1,0.0354,0.1231,-0.0877,both
K7276529,23,23,14,55,55,14,MPO35-2,MPO83-2,0.0348,0.1083,-0.0735,both
K7276529,23,23,15,55,55,15,MPO35-3,MPO83-3,0.0258,0.0368,-0.011,both
K7276529,23,23,16,55,55,16,MPO35-4,MPO83-4,0.0302,0.049,-0.0188,both
K7276529,23,23,17,55,55,17,MPO35-5,MPO83-5,0.0213,0.107,-0.0857,both
K7276529,23,23,18,55,55,18,MPO35-6,MPO83-6,0.0266,0.1705,-0.1439,both
K7276529,24,24,1,56,56,1,MPO35-7,MPO83-7,0.0646,0.1023,-0.0377,both
K7276529,24,24,2,56,56,2,MPO35-8,MPO83-8,0.0387,0.0974,-0.0587,both
K7276529,24,24,3,56,56,3,MPO35-9,MPO83-9,0.0459,0.0505,-0.0046,both
K7276529,24,24,4,56,56,4,MPO35-10,MPO83-10,0.0567,0.0538,0.0029,both
K7276529,24,24,5,56,56,5,MPO35-11,MPO83-11,0.0726,0.0996,-0.027,both
K7276529,24,24,6,56,56,6,MPO35-12,MPO83-12,0.0536,0.1472,-0.0936,both
K7276529,24,24,7,56,56,7,MPO36-1,MPO84-1,0.0542,0.1323,-0.0781,both
K7276529,24,24,8,56,56,8,MPO36-2,MPO84-2,0.0669,0.0578,0.0091,both
K7276529,24,24,9,56,56,9,MPO36-3,MPO84-3,0.0762,0.0313,0.0449,both
K7276529,24,24,10,56,56,10,MPO36-4,MPO84-4,0.0499,0.0228,0.0271,both
K7276529,24,24,11,56,56,11,MPO36-5,MPO84-5,0.0483,0.0556,-0.0073,both
K7276529,24,24,12,56,56,12,MPO36-6,MPO84-6,0.0555,0.0625,-0.007,both
K7276529,24,24,13,56,56,13,MPO36-7,MPO84-7,0.0511,0.0716,-0.0205,both
K7276529,24,24,14,56,56,14,MPO36-8,MPO84-8,0.0518,0.0475,0.0043,both
K7276529,24,24,15,56,56,15,MPO36-9,MPO84-9,0.0312,0.0245,0.0067,both
K7276529,24,24,16,56,56,16,MPO36-10,MPO84-10,0.0751,0.0245,0.0506,both
K7276529,24,24,17,56,56,17,MPO36-11,MPO84-11,0.0803,0.0343,0.046,both
K7276529,24,24,18,56,56,18,MPO36-12,MPO84-12,0.0723,0.0967,-0.0244,both
K7276529,25,25,1,57,57,1,MPO37-1,MPO85-1,0.0278,0.117,-0.0892,both
K7276529,25,25,2,57,57,2,MPO37-2,MPO85-2,0.0324,0.067,-0.0346,both
K7276529,25,25,3,57,57,3,MPO37-3,MPO85-3,0.022,0.0475,-0.0255,both
K7276529,25,25,4,57,57,4,MPO37-4,MPO85-4,0.0271,0.0728,-0.0457,both
K7276529,25,25,5,57,57,5,MPO37-5,MPO85-5,0.0342,0.1325,-0.0983,both
K7276529,25,25,6,57,57,6,MPO37-6,MPO85-6,0.0214,0.1857,-0.1643,both
K7276529,25,25,7,57,57,7,MPO37-7,MPO85-7,0.0397,0.165,-0.1253,both
K7276529,25,25,8,57,57,8,MPO37-8,MPO85-8,0.0358,0.0902,-0.0544,both
K7276529,25,25,9,57,57,9,MPO37-9,MPO85-9,0.018,0.0357,-0.0177,both
K7276529,25,25,10,57,57,10,MPO37-10,MPO85-10,0.0322,0.0212,0.011,both
K7276529,25,25,11,57,57,11,MPO37-11,MPO85-11,0.0279,0.0296,-0.0017,both
K7276529,25,25,12,57,57,12,MPO37-12,MPO85-12,2.2313,0.0577,2.1736,both
K7276529,25,25,13,57,57,13,MPO38-1,MPO86-1,0.0398,0.0655,-0.0257,both
K7276529,25,25,14,57,57,14,MPO38-2,MPO86-2,0.0703,0.0286,0.0417,both
K7276529,25,25,15,57,57,15,MPO38-3,MPO86-3,0.0387,0.0298,0.0089,both
K7276529,25,25,16,57,57,16,MPO38-4,MPO86-4,0.0329,0.029,0.0039,both
K7276529,25,25,17,57,57,17,MPO38-5,MPO86-5,0.0402,0.0817,-0.0415,both
K7276529,25,25,18,57,57,18,MPO38-6,MPO86-6,0.0346,0.173,-0.1384,both
K7276529,26,26,1,58,58,1,MPO38-7,MPO86-7,0.0645,0.0835,-0.019,both
K7276529,26,26,2,58,58,2,MPO38-8,MPO86-8,0.036,0.0608,-0.0248,both
K7276529,26,26,3,58,58,3,MPO38-9,MPO86-9,0.0259,0.0415,-0.0156,both
K7276529,26,26,4,58,58,4,MPO38-10,MPO86-10,0.0316,0.0329,-0.0013,both
K7276529,26,26,5,58,58,5,MPO38-11,MPO86-11,0.045,0.0393,0.0057,both
K7276529,26,26,6,58,58,6,MPO38-12,MPO86-12,0.0274,0.0494,-0.022,both
K7276529,26,26,7,58,58,7,MPO39-1,MPO87-1,0.5321,0.0502,0.4819,both
K7276529,26,26,8,58,58,8,MPO39-2,MPO87-2,2.2015,0.0389,2.1626,both
K7276529,26,26,9,58,58,9,MPO39-3,MPO87-3,0.0468,0.0297,0.0171,both
K7276529,26,26,10,58,58,10,MPO39-4,MPO87-4,0.0365,0.0353,0.0012,both
K7276529,26,26,11,58,58,11,MPO39-5,MPO87-5,0.0344,0.0548,-0.0204,both
K7276529,26,26,12,58,58,12,MPO39-6,MPO87-6,0.037,0.0512,-0.0142,both
K7276529,26,26,13,58,58,13,MPO39-7,MPO87-7,0.0448,0.0527,-0.0079,both
K7276529,26,26,14,58,58,14,MPO39-8,MPO87-8,0.0402,0.0453,-0.0051,both
K7276529,26,26,15,58,58,15,MPO39-9,MPO87-9,0.0444,0.0321,0.0123,both
K7276529,26,26,16,58,58,16,MPO39-10,MPO87-10,0.0473,0.0331,0.0142,both
K7276529,26,26,17,58,58,17,MPO39-11,MPO87-11,0.0643,0.0482,0.0161,both
K7276529,26,26,18,58,58,18,MPO39-12,MPO87-12,0.0568,0.0513,0.0055,both
K7276529,27,27,1,59,59,1,MPO40-1,MPO88-1,0.0432,0.0592,-0.016,both
K7276529,27,27,2,59,59,2,MPO40-2,MPO88-2,0.037,0.0485,-0.0115,both
K7276529,27,27,3,59,59,3,MPO40-3,MPO88-3,0.0254,0.0343,-0.0089,both
K7276529,27,27,4,59,59,4,MPO40-4,MPO88-4,0.0424,0.0323,0.0101,both
K7276529,27,27,5,59,59,5,MPO40-5,MPO88-5,0.0572,0.0597,-0.0025,both
K7276529,27,27,6,59,59,6,MPO40-6,MPO88-6,0.0448,0.0765,-0.0317,both
K7276529,27,27,7,59,59,7,MPO40-7,MPO88-7,0.0562,0.0481,0.0081,both
K7276529,27,27,8,59,59,8,MPO40-8,MPO88-8,0.0465,0.053,-0.0065,both
K7276529,27,27,9,59,59,9,MPO40-9,MPO88-9,0.0361,0.0591,-0.023,both
K7276529,27,27,10,59,59,10,MPO40-10,MPO88-10,0.0371,0.0715,-0.0344,both
K7276529,27,27,11,59,59,11,MPO40-11,MPO88-11,0.0351,0.0668,-0.0317,both
K7276529,27,27,12,59,59,12,MPO40-12,MPO88-12,0.0551,0.0487,0.0064,both
K7276529,27,27,13,59,59,13,MPO41-1,MPO89-1,0.0665,0.0451,0.0214,both
K7276529,27,27,14,59,59,14,MPO41-2,MPO89-2,0.0225,0.0665,-0.044,both
K7276529,27,27,15,59,59,15,MPO41-3,MPO89-3,0.0303,0.0807,-0.0504,both
K7276529,27,27,16,59,59,16,MPO41-4,MPO89-4,0.0319,0.0779,-0.046,both
K7276529,27,27,17,59,59,17,MPO41-5,MPO89-5,0.0411,0.0616,-0.0205,both
K7276529,27,27,18,59,59,18,MPO41-6,MPO89-6,0.0421,0.0689,-0.0268,both
K7276529,28,28,1,60,60,1,MPO41-7,MPO89-7,0.0434,0.0711,-0.0277,both
K7276529,28,28,2,60,60,2,MPO41-8,MPO89-8,0.0402,0.0529,-0.0127,both
K7276529,28,28,3,60,60,3,MPO41-9,MPO89-9,0.0389,0.0521,-0.0132,both
K7276529,28,28,4,60,60,4,MPO41-10,MPO89-10,0.0399,0.0253,0.0146,both
K7276529,28,28,5,60,60,5,MPO41-11,MPO89-11,0.0471,0.0548,-0.0077,both
K7276529,28,28,6,60,60,6,MPO41-12,MPO89-12,0.0584,0.055,0.0034,both
K7276529,28,28,7,60,60,7,MPO42-1,MPO90-1,0.0616,0.0916,-0.03,both
K7276529,28,28,8,60,60,8,MPO42-2,MPO90-2,3.5917,0.0514,3.5403,both
K7276529,28,28,9,60,60,9,MPO42-3,MPO90-3,0.0465,0.034,0.0125,both
K7276529,28,28,10,60,60,10,MPO42-4,MPO90-4,0.0555,0.066,-0.0105,both
K7276529,28,28,11,60,60,11,MPO42-5,MPO90-5,0.0498,0.062,-0.0122,both
K7276529,28,28,12,60,60,12,MPO42-6,MPO90-6,0.0408,0.0662,-0.0254,both
K7276529,28,28,13,60,60,13,MPO42-7,MPO90-7,0.0632,0.0461,0.0171,both
K7276529,28,28,14,60,60,14,MPO42-8,MPO90-8,0.0708,0.0612,0.0096,both
K7276529,28,28,15,60,60,15,MPO42-9,MPO90-9,0.0319,0.0444,-0.0125,both
K7276529,28,28,16,60,60,16,MPO42-10,MPO90-10,0.0491,0.0301,0.019,both
K7276529,28,28,17,60,60,17,MPO42-11,MPO90-11,0.0668,0.0577,0.0091,both
K7276529,28,28,18,60,60,18,MPO42-12,MPO90-12,0.0356,0.0754,-0.0398,both
K7276529,29,29,1,61,61,1,MPO43-1,MPO91-1,0.0542,0.0463,0.0079,both
K7276529,29,29,2,61,61,2,MPO43-2,MPO91-2,0.0535,0.0484,0.0051,both
K7276529,29,29,3,61,61,3,MPO43-3,MPO91-3,0.0471,0.051,-0.0039,both
K7276529,29,29,4,61,61,4,MPO43-4,MPO91-4,0.0598,0.0376,0.0222,both
K7276529,29,29,5,61,61,5,MPO43-5,MPO91-5,0.0659,0.1144,-0.0485,both
K7276529,29,29,6,61,61,6,MPO43-6,MPO91-6,0.0566,0.1698,-0.1132,both
K7276529,29,29,7,61,61,7,MPO43-7,MPO91-7,0.0506,0.1401,-0.0895,both
K7276529,29,29,8,61,61,8,MPO43-8,MPO91-8,0.0486,0.1066,-0.058,both
K7276529,29,29,9,61,61,9,MPO43-9,MPO91-9,0.0556,0.0212,0.0344,both
K7276529,29,29,10,61,61,10,MPO43-10,MPO91-10,0.0333,0.0633,-0.03,both
K7276529,29,29,11,61,61,11,MPO43-11,MPO91-11,0.0578,0.0591,-0.0013,both
K7276529,29,29,12,61,61,12,MPO43-12,MPO91-12,0.0659,0.0368,0.0291,both
K7276529,29,29,13,61,61,13,MPO44-1,MPO92-1,0.0423,0.0237,0.0186,both
K7276529,29,29,14,61,61,14,MPO44-2,MPO92-2,0.0675,0.0164,0.0511,both
K7276529,29,29,15,61,61,15,MPO44-3,MPO92-3,0.0534,0.0305,0.0229,both
K7276529,29,29,16,61,61,16,MPO44-4,MPO92-4,0.054,0.0266,0.0274,both
K7276529,29,29,17,61,61,17,MPO44-5,MPO92-5,0.0666,0.1071,-0.0405,both
K7276529,29,29,18,61,61,18,MPO44-6,MPO92-6,0.0596,0.1674,-0.1078,both
K7276529,30,30,1,62,62,1,MPO44-7,MPO92-7,0.0591,0.0656,-0.0065,both
K7276529,30,30,2,62,62,2,MPO44-8,MPO92-8,0.0373,0.0346,0.0027,both
K7276529,30,30,3,62,62,3,MPO44-9,MPO92-9,0.0525,0.0183,0.0342,both
K7276529,30,30,4,62,62,4,MPO44-10,MPO92-10,0.0543,0.0599,-0.0056,both
K7276529,30,30,5,62,62,5,MPO44-11,MPO92-11,0.0703,0.12,-0.0497,both
K7276529,30,30,6,62,62,6,MPO44-12,MPO92-12,0.042,0.1546,-0.1126,both
K7276529,30,30,7,62,62,7,MPO45-1,MPO93-1,1.0814,0.1481,0.9333,both
K7276529,30,30,8,62,62,8,MPO45-2,MPO93-2,0.05,0.1153,-0.0653,both
K7276529,30,30,9,62,62,9,MPO45-3,MPO93-3,0.0465,0.0281,0.0184,both
K7276529,30,30,10,62,62,10,MPO45-4,MPO93-4,0.05,0.0297,0.0203,both
K7276529,30,30,11,62,62,11,MPO45-5,MPO93-5,0.059,0.0292,0.0298,both
K7276529,30,30,12,62,62,12,MPO45-6,MPO93-6,0.0395,0.0463,-0.0068,both
K7276529,30,30,13,62,62,13,MPO45-7,MPO93-7,0.0396,0.0549,-0.0153,both
K7276529,30,30,14,62,62,14,MPO45-8,MPO93-8,0.0515,0.0263,0.0252,both
K7276529,30,30,15,62,62,15,MPO45-9,MPO93-9,0.042,0.0314,0.0106,both
K7276529,30,30,16,62,62,16,MPO45-10,MPO93-10,0.0584,0.0391,0.0193,both
K7276529,30,30,17,62,62,17,MPO45-11,MPO93-11,0.0622,0.0749,-0.0127,both
K7276529,30,30,18,62,62,18,MPO45-12,MPO93-12,0.0517,0.1146,-0.0629,both
K7276529,31,31,1,63,63,1,MPO46-1,MPO94-1,0.0455,0.1231,-0.0776,both
K7276529,31,31,2,63,63,2,MPO46-2,MPO94-2,0.0408,0.0732,-0.0324,both
K7276529,31,31,3,63,63,3,MPO46-3,MPO94-3,0.027,0.0159,0.0111,both
K7276529,31,31,4,63,63,4,MPO46-4,MPO94-4,0.0422,0.0229,0.0193,both
K7276529,31,31,5,63,63,5,MPO46-5,MPO94-5,0.0396,0.0898,-0.0502,both
K7276529,31,31,6,63,63,6,MPO46-6,MPO94-6,0.0528,0.1334,-0.0806,both
K7276529,31,31,7,63,63,7,MPO46-7,MPO94-7,1.9543,0.1405,1.8138,both
K7276529,31,31,8,63,63,8,MPO46-8,MPO94-8,0.045,0.0683,-0.0233,both
K7276529,31,31,9,63,63,9,MPO46-9,MPO94-9,0.0543,0.0422,0.0121,both
K7276529,31,31,10,63,63,10,MPO46-10,MPO94-10,0.0434,0.0249,0.0185,both
K7276529,31,31,11,63,63,11,MPO46-11,MPO94-11,2.9899,0.0767,2.9132,both
K7276529,31,31,12,63,63,12,MPO46-12,MPO94-12,0.0417,0.1224,-0.0807,both
K7276529,31,31,13,63,63,13,MPO47-1,MPO95-1,0.0609,0.1352,-0.0743,both
K7276529,31,31,14,63,63,14,MPO47-2,MPO95-2,0.0331,0.1276,-0.0945,both
K7276529,31,31,15,63,63,15,MPO47-3,MPO95-3,0.0514,0.0709,-0.0195,both
K7276529,31,31,16,63,63,16,MPO47-4,MPO95-4,0.0414,0.0758,-0.0344,both
K7276529,31,31,17,63,63,17,MPO47-5,MPO95-5,0.0365,0.1384,-0.1019,both
K7276529,31,31,18,63,63,18,MPO47-6,MPO95-6,0.0499,0.1666,-0.1167,both
K7276529,32,32,1,64,64,1,MPO47-7,MPO95-7,0.0404,0.0327,0.0077,both
K7276529,32,32,2,64,64,2,MPO47-8,MPO95-8,0.0388,0.0259,0.0129,both
K7276529,32,32,3,64,64,3,MPO47-9,MPO95-9,0.0286,0.0682,-0.0396,both
K7276529,32,32,4,64,64,4,MPO47-10,MPO95-10,0.05,0.0555,-0.0055,both
K7276529,32,32,5,64,64,5,MPO47-11,MPO95-11,0.0545,0.0443,0.0102,both
K7276529,32,32,6,64,64,6,MPO47-12,MPO95-12,0.0184,0.0518,-0.0334,both
K7276529,32,32,7,64,64,7,MPO48-1,MPO96-1,0.0673,0.0607,0.0066,both
K7276529,32,32,8,64,64,8,MPO48-2,MPO96-2,0.0394,0.0606,-0.0212,both
K7276529,32,32,9,64,64,9,MPO48-3,MPO96-3,0.04,0.0325,0.0075,both
K7276529,32,32,10,64,64,10,MPO48-4,MPO96-4,0.0577,0.0378,0.0199,both
K7276529,32,32,11,64,64,11,MPO48-5,MPO96-5,0.0556,0.0234,0.0322,both
K7276529,32,32,12,64,64,12,MPO48-6,MPO96-6,1.6695,0.0375,1.632,both
K7276529,32,32,13,64,64,13,MPO48-7,MPO96-7,0.062,0.022,0.04,both
K7276529,32,32,14,64,64,14,MPO48-8,MPO96-8,0.0391,0.0444,-0.0053,both
K7276529,32,32,15,64,64,15,MPO48-9,MPO96-9,0.0617,0.0335,0.0282,both
K7276529,32,32,16,64,64,16,MPO48-10,MPO96-10,0.0687,0.0495,0.0192,both
K7276529,32,32,17,64,64,17,MPO48-11,MPO96-11,0.0555,0.1047,-0.0492,both
K7276529,32,32,18,64,64,18,MPO48-12,MPO96-12,0.0622,0.0958,-0.0336,both
