IL,IL_step,MPO_in,MPO_out,c1,c2,c4,device,RECAL1,csv_line,path_file,slot,step_in_path,cmd,axis,attempt,peak_ok,code,col0,n_samples,span_raw,span_db,argmax_idx,peak_raw
1.0303,469,MPO40-1,MPO88-1,27,1,59,1#SW1级联,RECAL 1 1 15 1 1 47,2572,pm_pm_1x64_1,3,8,RECAL 3 0 9999 9999 64 4 80,Y,1,0,ParabolaNotDownward,29,33,1011,0.1011,7,-249873
1.0303,469,MPO40-1,MPO88-1,27,1,59,1#SW1级联,RECAL 1 1 15 1 1 47,2573,pm_pm_1x64_1,3,8,RECAL 3 0 9999 9999 200 4 80,Y,2,0,ParabolaNotDownward,-107,101,8267,0.8267,0,-248874
1.0303,469,MPO40-1,MPO88-1,27,1,59,1#SW1级联,RECAL 1 1 15 1 1 47,2574,pm_pm_1x64_1,3,8,RECAL 3 0 9999 -307 200 4 80,Y,3,1,Ok,-507,101,28532,2.8532,82,-248035
1.0303,469,MPO40-1,MPO88-1,27,1,59,1#SW1级联,RECAL 1 1 15 1 1 47,2575,pm_pm_1x64_1,3,8,RECAL 3 0 9999 -195 64 4 80,Y,4,1,Ok,-259,33,582,0.0582,16,-247940
1.0303,469,MPO40-1,MPO88-1,27,1,59,1#SW1级联,RECAL 1 1 15 1 1 47,2576,pm_pm_1x64_1,3,8,RECAL 3 1 9999 -191 64 4 80,X,1,1,Ok,2123,33,225933,22.5933,18,-246169
1.0303,469,MPO40-1,MPO88-1,27,1,59,1#叶子,RECAL 1 2 27 1 1 59,2625,pm_pm_1x64_1,3,30,RECAL 3 0 9999 9999 64 4 80,Y,1,1,Ok,-2288,33,79973,7.9973,15,-253925
1.0303,469,MPO40-1,MPO88-1,27,1,59,1#叶子,RECAL 1 2 27 1 1 59,2626,pm_pm_1x64_1,3,30,RECAL 3 1 9999 -2229 64 4 80,X,1,1,Ok,-2911,33,246086,24.6086,14,-249925
1.0303,469,MPO40-1,MPO88-1,27,1,59,2#SW1级联,RECAL 1 5 17 1 1 49,2729,pm_pm_1x64_2,4,10,RECAL 3 0 9999 9999 64 4 80,Y,1,1,Ok,-1042,33,17725,1.7725,13,-242645
1.0303,469,MPO40-1,MPO88-1,27,1,59,2#SW1级联,RECAL 1 5 17 1 1 49,2730,pm_pm_1x64_2,4,10,RECAL 3 1 9999 -989 64 4 80,X,1,1,Ok,-1390,33,95937,9.5937,17,-242326
1.0303,469,MPO40-1,MPO88-1,27,1,59,2#叶子,RECAL 1 6 27 1 1 59,2841,pm_pm_1x64_2,4,62,RECAL 3 0 9999 9999 64 4 80,Y,1,0,ParabolaNotDownward,-343,33,2140,0.2140,6,-253068
1.0303,469,MPO40-1,MPO88-1,27,1,59,2#叶子,RECAL 1 6 27 1 1 59,2842,pm_pm_1x64_2,4,62,RECAL 3 0 9999 9999 200 4 80,Y,2,1,Ok,-479,101,8956,0.8956,38,-252819
1.0303,469,MPO40-1,MPO88-1,27,1,59,2#叶子,RECAL 1 6 27 1 1 59,2843,pm_pm_1x64_2,4,62,RECAL 3 0 9999 -328 64 4 80,Y,3,1,Ok,-392,33,1250,0.1250,15,-252778
1.0303,469,MPO40-1,MPO88-1,27,1,59,2#叶子,RECAL 1 6 27 1 1 59,2844,pm_pm_1x64_2,4,62,RECAL 3 1 9999 -328 64 4 80,X,1,1,Ok,-2867,33,251273,25.1273,14,-244818
1.0303,469,MPO40-1,MPO88-1,27,1,59,1#MCS,RECAL 1 3 27 1 1 59,1019,pm_pm_mcs1,1,469,RECAL 3 0 9999 9999 64 4 80,Y,1,1,Ok,2222,33,93883,9.3883,17,-254036
1.0303,469,MPO40-1,MPO88-1,27,1,59,1#MCS,RECAL 1 3 27 1 1 59,1020,pm_pm_mcs1,1,469,RECAL 3 1 9999 2289 64 4 80,X,1,1,Ok,-2935,33,247192,24.7192,14,-249762
1.0303,469,MPO40-1,MPO88-1,27,1,59,2#MCS,RECAL 1 4 27 1 1 59,2319,pm_pm_mcs2,2,469,RECAL 3 0 9999 9999 64 4 80,Y,1,1,Ok,2430,33,107522,10.7522,17,-253206
1.0303,469,MPO40-1,MPO88-1,27,1,59,2#MCS,RECAL 1 4 27 1 1 59,2320,pm_pm_mcs2,2,469,RECAL 3 1 9999 2500 64 4 80,X,1,1,Ok,-2894,33,248728,24.8728,14,-247500
0.5817,470,MPO40-2,MPO88-2,27,2,59,1#SW1级联,RECAL 1 1 15 1 1 47,2572,pm_pm_1x64_1,3,8,RECAL 3 0 9999 9999 64 4 80,Y,1,0,ParabolaNotDownward,29,33,1011,0.1011,7,-249873
0.5817,470,MPO40-2,MPO88-2,27,2,59,1#SW1级联,RECAL 1 1 15 1 1 47,2573,pm_pm_1x64_1,3,8,RECAL 3 0 9999 9999 200 4 80,Y,2,0,ParabolaNotDownward,-107,101,8267,0.8267,0,-248874
0.5817,470,MPO40-2,MPO88-2,27,2,59,1#SW1级联,RECAL 1 1 15 1 1 47,2574,pm_pm_1x64_1,3,8,RECAL 3 0 9999 -307 200 4 80,Y,3,1,Ok,-507,101,28532,2.8532,82,-248035
0.5817,470,MPO40-2,MPO88-2,27,2,59,1#SW1级联,RECAL 1 1 15 1 1 47,2575,pm_pm_1x64_1,3,8,RECAL 3 0 9999 -195 64 4 80,Y,4,1,Ok,-259,33,582,0.0582,16,-247940
0.5817,470,MPO40-2,MPO88-2,27,2,59,1#SW1级联,RECAL 1 1 15 1 1 47,2576,pm_pm_1x64_1,3,8,RECAL 3 1 9999 -191 64 4 80,X,1,1,Ok,2123,33,225933,22.5933,18,-246169
0.5817,470,MPO40-2,MPO88-2,27,2,59,1#叶子,RECAL 1 2 27 1 1 59,2625,pm_pm_1x64_1,3,30,RECAL 3 0 9999 9999 64 4 80,Y,1,1,Ok,-2288,33,79973,7.9973,15,-253925
0.5817,470,MPO40-2,MPO88-2,27,2,59,1#叶子,RECAL 1 2 27 1 1 59,2626,pm_pm_1x64_1,3,30,RECAL 3 1 9999 -2229 64 4 80,X,1,1,Ok,-2911,33,246086,24.6086,14,-249925
0.5817,470,MPO40-2,MPO88-2,27,2,59,2#SW1级联,RECAL 1 5 17 1 1 49,2729,pm_pm_1x64_2,4,10,RECAL 3 0 9999 9999 64 4 80,Y,1,1,Ok,-1042,33,17725,1.7725,13,-242645
0.5817,470,MPO40-2,MPO88-2,27,2,59,2#SW1级联,RECAL 1 5 17 1 1 49,2730,pm_pm_1x64_2,4,10,RECAL 3 1 9999 -989 64 4 80,X,1,1,Ok,-1390,33,95937,9.5937,17,-242326
0.5817,470,MPO40-2,MPO88-2,27,2,59,2#叶子,RECAL 1 6 27 1 1 59,2841,pm_pm_1x64_2,4,62,RECAL 3 0 9999 9999 64 4 80,Y,1,0,ParabolaNotDownward,-343,33,2140,0.2140,6,-253068
0.5817,470,MPO40-2,MPO88-2,27,2,59,2#叶子,RECAL 1 6 27 1 1 59,2842,pm_pm_1x64_2,4,62,RECAL 3 0 9999 9999 200 4 80,Y,2,1,Ok,-479,101,8956,0.8956,38,-252819
0.5817,470,MPO40-2,MPO88-2,27,2,59,2#叶子,RECAL 1 6 27 1 1 59,2843,pm_pm_1x64_2,4,62,RECAL 3 0 9999 -328 64 4 80,Y,3,1,Ok,-392,33,1250,0.1250,15,-252778
0.5817,470,MPO40-2,MPO88-2,27,2,59,2#叶子,RECAL 1 6 27 1 1 59,2844,pm_pm_1x64_2,4,62,RECAL 3 1 9999 -328 64 4 80,X,1,1,Ok,-2867,33,251273,25.1273,14,-244818
0.5817,470,MPO40-2,MPO88-2,27,2,59,1#MCS,RECAL 1 3 27 2 2 59,1021,pm_pm_mcs1,1,470,RECAL 3 0 9999 9999 64 4 80,Y,1,1,Ok,2242,33,91516,9.1516,16,-247635
0.5817,470,MPO40-2,MPO88-2,27,2,59,1#MCS,RECAL 1 3 27 2 2 59,1022,pm_pm_mcs1,1,470,RECAL 3 1 9999 2308 64 4 80,X,1,1,Ok,-2303,33,240935,24.0935,15,-246140
0.5817,470,MPO40-2,MPO88-2,27,2,59,2#MCS,RECAL 1 4 27 2 2 59,2321,pm_pm_mcs2,2,470,RECAL 3 0 9999 9999 64 4 80,Y,1,1,Ok,2348,33,111400,11.1400,18,-245721
0.5817,470,MPO40-2,MPO88-2,27,2,59,2#MCS,RECAL 1 4 27 2 2 59,2322,pm_pm_mcs2,2,470,RECAL 3 1 9999 2420 64 4 80,X,1,1,Ok,-2267,33,241790,24.1790,14,-242964
0.2844,471,MPO40-3,MPO88-3,27,3,59,1#SW1级联,RECAL 1 1 15 1 1 47,2572,pm_pm_1x64_1,3,8,RECAL 3 0 9999 9999 64 4 80,Y,1,0,ParabolaNotDownward,29,33,1011,0.1011,7,-249873
0.2844,471,MPO40-3,MPO88-3,27,3,59,1#SW1级联,RECAL 1 1 15 1 1 47,2573,pm_pm_1x64_1,3,8,RECAL 3 0 9999 9999 200 4 80,Y,2,0,ParabolaNotDownward,-107,101,8267,0.8267,0,-248874
0.2844,471,MPO40-3,MPO88-3,27,3,59,1#SW1级联,RECAL 1 1 15 1 1 47,2574,pm_pm_1x64_1,3,8,RECAL 3 0 9999 -307 200 4 80,Y,3,1,Ok,-507,101,28532,2.8532,82,-248035
0.2844,471,MPO40-3,MPO88-3,27,3,59,1#SW1级联,RECAL 1 1 15 1 1 47,2575,pm_pm_1x64_1,3,8,RECAL 3 0 9999 -195 64 4 80,Y,4,1,Ok,-259,33,582,0.0582,16,-247940
0.2844,471,MPO40-3,MPO88-3,27,3,59,1#SW1级联,RECAL 1 1 15 1 1 47,2576,pm_pm_1x64_1,3,8,RECAL 3 1 9999 -191 64 4 80,X,1,1,Ok,2123,33,225933,22.5933,18,-246169
0.2844,471,MPO40-3,MPO88-3,27,3,59,1#叶子,RECAL 1 2 27 1 1 59,2625,pm_pm_1x64_1,3,30,RECAL 3 0 9999 9999 64 4 80,Y,1,1,Ok,-2288,33,79973,7.9973,15,-253925
0.2844,471,MPO40-3,MPO88-3,27,3,59,1#叶子,RECAL 1 2 27 1 1 59,2626,pm_pm_1x64_1,3,30,RECAL 3 1 9999 -2229 64 4 80,X,1,1,Ok,-2911,33,246086,24.6086,14,-249925
0.2844,471,MPO40-3,MPO88-3,27,3,59,2#SW1级联,RECAL 1 5 17 1 1 49,2729,pm_pm_1x64_2,4,10,RECAL 3 0 9999 9999 64 4 80,Y,1,1,Ok,-1042,33,17725,1.7725,13,-242645
0.2844,471,MPO40-3,MPO88-3,27,3,59,2#SW1级联,RECAL 1 5 17 1 1 49,2730,pm_pm_1x64_2,4,10,RECAL 3 1 9999 -989 64 4 80,X,1,1,Ok,-1390,33,95937,9.5937,17,-242326
0.2844,471,MPO40-3,MPO88-3,27,3,59,2#叶子,RECAL 1 6 27 1 1 59,2841,pm_pm_1x64_2,4,62,RECAL 3 0 9999 9999 64 4 80,Y,1,0,ParabolaNotDownward,-343,33,2140,0.2140,6,-253068
0.2844,471,MPO40-3,MPO88-3,27,3,59,2#叶子,RECAL 1 6 27 1 1 59,2842,pm_pm_1x64_2,4,62,RECAL 3 0 9999 9999 200 4 80,Y,2,1,Ok,-479,101,8956,0.8956,38,-252819
0.2844,471,MPO40-3,MPO88-3,27,3,59,2#叶子,RECAL 1 6 27 1 1 59,2843,pm_pm_1x64_2,4,62,RECAL 3 0 9999 -328 64 4 80,Y,3,1,Ok,-392,33,1250,0.1250,15,-252778
0.2844,471,MPO40-3,MPO88-3,27,3,59,2#叶子,RECAL 1 6 27 1 1 59,2844,pm_pm_1x64_2,4,62,RECAL 3 1 9999 -328 64 4 80,X,1,1,Ok,-2867,33,251273,25.1273,14,-244818
0.2844,471,MPO40-3,MPO88-3,27,3,59,1#MCS,RECAL 1 3 27 3 3 59,1023,pm_pm_mcs1,1,471,RECAL 3 0 9999 9999 64 4 80,Y,1,1,Ok,2212,33,98289,9.8289,17,-241522
0.2844,471,MPO40-3,MPO88-3,27,3,59,1#MCS,RECAL 1 3 27 3 3 59,1024,pm_pm_mcs1,1,471,RECAL 3 1 9999 2280 64 4 80,X,1,1,Ok,-1396,33,104277,10.4277,15,-241060
0.2844,471,MPO40-3,MPO88-3,27,3,59,2#MCS,RECAL 1 4 27 3 3 59,2323,pm_pm_mcs2,2,471,RECAL 3 0 9999 9999 64 4 80,Y,1,1,Ok,2454,33,119637,11.9637,18,-240158
0.2844,471,MPO40-3,MPO88-3,27,3,59,2#MCS,RECAL 1 4 27 3 3 59,2324,pm_pm_mcs2,2,471,RECAL 3 1 9999 2525 64 4 80,X,1,1,Ok,-1369,33,100239,10.0239,15,-239600
0.3286,472,MPO40-4,MPO88-4,27,4,59,1#SW1级联,RECAL 1 1 15 1 1 47,2572,pm_pm_1x64_1,3,8,RECAL 3 0 9999 9999 64 4 80,Y,1,0,ParabolaNotDownward,29,33,1011,0.1011,7,-249873
0.3286,472,MPO40-4,MPO88-4,27,4,59,1#SW1级联,RECAL 1 1 15 1 1 47,2573,pm_pm_1x64_1,3,8,RECAL 3 0 9999 9999 200 4 80,Y,2,0,ParabolaNotDownward,-107,101,8267,0.8267,0,-248874
0.3286,472,MPO40-4,MPO88-4,27,4,59,1#SW1级联,RECAL 1 1 15 1 1 47,2574,pm_pm_1x64_1,3,8,RECAL 3 0 9999 -307 200 4 80,Y,3,1,Ok,-507,101,28532,2.8532,82,-248035
0.3286,472,MPO40-4,MPO88-4,27,4,59,1#SW1级联,RECAL 1 1 15 1 1 47,2575,pm_pm_1x64_1,3,8,RECAL 3 0 9999 -195 64 4 80,Y,4,1,Ok,-259,33,582,0.0582,16,-247940
0.3286,472,MPO40-4,MPO88-4,27,4,59,1#SW1级联,RECAL 1 1 15 1 1 47,2576,pm_pm_1x64_1,3,8,RECAL 3 1 9999 -191 64 4 80,X,1,1,Ok,2123,33,225933,22.5933,18,-246169
0.3286,472,MPO40-4,MPO88-4,27,4,59,1#叶子,RECAL 1 2 27 1 1 59,2625,pm_pm_1x64_1,3,30,RECAL 3 0 9999 9999 64 4 80,Y,1,1,Ok,-2288,33,79973,7.9973,15,-253925
0.3286,472,MPO40-4,MPO88-4,27,4,59,1#叶子,RECAL 1 2 27 1 1 59,2626,pm_pm_1x64_1,3,30,RECAL 3 1 9999 -2229 64 4 80,X,1,1,Ok,-2911,33,246086,24.6086,14,-249925
0.3286,472,MPO40-4,MPO88-4,27,4,59,2#SW1级联,RECAL 1 5 17 1 1 49,2729,pm_pm_1x64_2,4,10,RECAL 3 0 9999 9999 64 4 80,Y,1,1,Ok,-1042,33,17725,1.7725,13,-242645
0.3286,472,MPO40-4,MPO88-4,27,4,59,2#SW1级联,RECAL 1 5 17 1 1 49,2730,pm_pm_1x64_2,4,10,RECAL 3 1 9999 -989 64 4 80,X,1,1,Ok,-1390,33,95937,9.5937,17,-242326
0.3286,472,MPO40-4,MPO88-4,27,4,59,2#叶子,RECAL 1 6 27 1 1 59,2841,pm_pm_1x64_2,4,62,RECAL 3 0 9999 9999 64 4 80,Y,1,0,ParabolaNotDownward,-343,33,2140,0.2140,6,-253068
0.3286,472,MPO40-4,MPO88-4,27,4,59,2#叶子,RECAL 1 6 27 1 1 59,2842,pm_pm_1x64_2,4,62,RECAL 3 0 9999 9999 200 4 80,Y,2,1,Ok,-479,101,8956,0.8956,38,-252819
0.3286,472,MPO40-4,MPO88-4,27,4,59,2#叶子,RECAL 1 6 27 1 1 59,2843,pm_pm_1x64_2,4,62,RECAL 3 0 9999 -328 64 4 80,Y,3,1,Ok,-392,33,1250,0.1250,15,-252778
0.3286,472,MPO40-4,MPO88-4,27,4,59,2#叶子,RECAL 1 6 27 1 1 59,2844,pm_pm_1x64_2,4,62,RECAL 3 1 9999 -328 64 4 80,X,1,1,Ok,-2867,33,251273,25.1273,14,-244818
0.3286,472,MPO40-4,MPO88-4,27,4,59,1#MCS,RECAL 1 3 27 4 4 59,1025,pm_pm_mcs1,1,472,RECAL 3 0 9999 9999 64 4 80,Y,1,1,Ok,2233,33,100832,10.0832,17,-240462
0.3286,472,MPO40-4,MPO88-4,27,4,59,1#MCS,RECAL 1 3 27 4 4 59,1026,pm_pm_mcs1,1,472,RECAL 3 1 9999 2302 64 4 80,X,1,1,Ok,1205,33,88120,8.8120,17,-240240
0.3286,472,MPO40-4,MPO88-4,27,4,59,2#MCS,RECAL 1 4 27 4 4 59,2325,pm_pm_mcs2,2,472,RECAL 3 0 9999 9999 64 4 80,Y,1,1,Ok,2369,33,114950,11.4950,18,-238795
0.3286,472,MPO40-4,MPO88-4,27,4,59,2#MCS,RECAL 1 4 27 4 4 59,2326,pm_pm_mcs2,2,472,RECAL 3 1 9999 2441 64 4 80,X,1,1,Ok,1185,33,86961,8.6961,16,-238777
1.0663,473,MPO40-5,MPO88-5,27,5,59,1#SW1级联,RECAL 1 1 15 1 1 47,2572,pm_pm_1x64_1,3,8,RECAL 3 0 9999 9999 64 4 80,Y,1,0,ParabolaNotDownward,29,33,1011,0.1011,7,-249873
1.0663,473,MPO40-5,MPO88-5,27,5,59,1#SW1级联,RECAL 1 1 15 1 1 47,2573,pm_pm_1x64_1,3,8,RECAL 3 0 9999 9999 200 4 80,Y,2,0,ParabolaNotDownward,-107,101,8267,0.8267,0,-248874
1.0663,473,MPO40-5,MPO88-5,27,5,59,1#SW1级联,RECAL 1 1 15 1 1 47,2574,pm_pm_1x64_1,3,8,RECAL 3 0 9999 -307 200 4 80,Y,3,1,Ok,-507,101,28532,2.8532,82,-248035
1.0663,473,MPO40-5,MPO88-5,27,5,59,1#SW1级联,RECAL 1 1 15 1 1 47,2575,pm_pm_1x64_1,3,8,RECAL 3 0 9999 -195 64 4 80,Y,4,1,Ok,-259,33,582,0.0582,16,-247940
1.0663,473,MPO40-5,MPO88-5,27,5,59,1#SW1级联,RECAL 1 1 15 1 1 47,2576,pm_pm_1x64_1,3,8,RECAL 3 1 9999 -191 64 4 80,X,1,1,Ok,2123,33,225933,22.5933,18,-246169
1.0663,473,MPO40-5,MPO88-5,27,5,59,1#叶子,RECAL 1 2 27 1 1 59,2625,pm_pm_1x64_1,3,30,RECAL 3 0 9999 9999 64 4 80,Y,1,1,Ok,-2288,33,79973,7.9973,15,-253925
1.0663,473,MPO40-5,MPO88-5,27,5,59,1#叶子,RECAL 1 2 27 1 1 59,2626,pm_pm_1x64_1,3,30,RECAL 3 1 9999 -2229 64 4 80,X,1,1,Ok,-2911,33,246086,24.6086,14,-249925
1.0663,473,MPO40-5,MPO88-5,27,5,59,2#SW1级联,RECAL 1 5 17 1 1 49,2729,pm_pm_1x64_2,4,10,RECAL 3 0 9999 9999 64 4 80,Y,1,1,Ok,-1042,33,17725,1.7725,13,-242645
1.0663,473,MPO40-5,MPO88-5,27,5,59,2#SW1级联,RECAL 1 5 17 1 1 49,2730,pm_pm_1x64_2,4,10,RECAL 3 1 9999 -989 64 4 80,X,1,1,Ok,-1390,33,95937,9.5937,17,-242326
1.0663,473,MPO40-5,MPO88-5,27,5,59,2#叶子,RECAL 1 6 27 1 1 59,2841,pm_pm_1x64_2,4,62,RECAL 3 0 9999 9999 64 4 80,Y,1,0,ParabolaNotDownward,-343,33,2140,0.2140,6,-253068
1.0663,473,MPO40-5,MPO88-5,27,5,59,2#叶子,RECAL 1 6 27 1 1 59,2842,pm_pm_1x64_2,4,62,RECAL 3 0 9999 9999 200 4 80,Y,2,1,Ok,-479,101,8956,0.8956,38,-252819
1.0663,473,MPO40-5,MPO88-5,27,5,59,2#叶子,RECAL 1 6 27 1 1 59,2843,pm_pm_1x64_2,4,62,RECAL 3 0 9999 -328 64 4 80,Y,3,1,Ok,-392,33,1250,0.1250,15,-252778
1.0663,473,MPO40-5,MPO88-5,27,5,59,2#叶子,RECAL 1 6 27 1 1 59,2844,pm_pm_1x64_2,4,62,RECAL 3 1 9999 -328 64 4 80,X,1,1,Ok,-2867,33,251273,25.1273,14,-244818
1.0663,473,MPO40-5,MPO88-5,27,5,59,1#MCS,RECAL 1 3 27 5 5 59,1027,pm_pm_mcs1,1,473,RECAL 3 0 9999 9999 64 4 80,Y,1,1,Ok,2268,33,99427,9.9427,17,-243328
1.0663,473,MPO40-5,MPO88-5,27,5,59,1#MCS,RECAL 1 3 27 5 5 59,1028,pm_pm_mcs1,1,473,RECAL 3 1 9999 2336 64 4 80,X,1,1,Ok,2136,33,238186,23.8186,17,-242026
1.0663,473,MPO40-5,MPO88-5,27,5,59,2#MCS,RECAL 1 4 27 5 5 59,2327,pm_pm_mcs2,2,473,RECAL 3 0 9999 9999 64 4 80,Y,1,1,Ok,2475,33,121767,12.1767,18,-241701
1.0663,473,MPO40-5,MPO88-5,27,5,59,2#MCS,RECAL 1 4 27 5 5 59,2328,pm_pm_mcs2,2,473,RECAL 3 1 9999 2547 64 4 80,X,1,1,Ok,2101,33,236955,23.6955,16,-241643
1.9068,474,MPO40-6,MPO88-6,27,6,59,1#SW1级联,RECAL 1 1 15 1 1 47,2572,pm_pm_1x64_1,3,8,RECAL 3 0 9999 9999 64 4 80,Y,1,0,ParabolaNotDownward,29,33,1011,0.1011,7,-249873
1.9068,474,MPO40-6,MPO88-6,27,6,59,1#SW1级联,RECAL 1 1 15 1 1 47,2573,pm_pm_1x64_1,3,8,RECAL 3 0 9999 9999 200 4 80,Y,2,0,ParabolaNotDownward,-107,101,8267,0.8267,0,-248874
1.9068,474,MPO40-6,MPO88-6,27,6,59,1#SW1级联,RECAL 1 1 15 1 1 47,2574,pm_pm_1x64_1,3,8,RECAL 3 0 9999 -307 200 4 80,Y,3,1,Ok,-507,101,28532,2.8532,82,-248035
1.9068,474,MPO40-6,MPO88-6,27,6,59,1#SW1级联,RECAL 1 1 15 1 1 47,2575,pm_pm_1x64_1,3,8,RECAL 3 0 9999 -195 64 4 80,Y,4,1,Ok,-259,33,582,0.0582,16,-247940
1.9068,474,MPO40-6,MPO88-6,27,6,59,1#SW1级联,RECAL 1 1 15 1 1 47,2576,pm_pm_1x64_1,3,8,RECAL 3 1 9999 -191 64 4 80,X,1,1,Ok,2123,33,225933,22.5933,18,-246169
1.9068,474,MPO40-6,MPO88-6,27,6,59,1#叶子,RECAL 1 2 27 1 1 59,2625,pm_pm_1x64_1,3,30,RECAL 3 0 9999 9999 64 4 80,Y,1,1,Ok,-2288,33,79973,7.9973,15,-253925
1.9068,474,MPO40-6,MPO88-6,27,6,59,1#叶子,RECAL 1 2 27 1 1 59,2626,pm_pm_1x64_1,3,30,RECAL 3 1 9999 -2229 64 4 80,X,1,1,Ok,-2911,33,246086,24.6086,14,-249925
1.9068,474,MPO40-6,MPO88-6,27,6,59,2#SW1级联,RECAL 1 5 17 1 1 49,2729,pm_pm_1x64_2,4,10,RECAL 3 0 9999 9999 64 4 80,Y,1,1,Ok,-1042,33,17725,1.7725,13,-242645
1.9068,474,MPO40-6,MPO88-6,27,6,59,2#SW1级联,RECAL 1 5 17 1 1 49,2730,pm_pm_1x64_2,4,10,RECAL 3 1 9999 -989 64 4 80,X,1,1,Ok,-1390,33,95937,9.5937,17,-242326
1.9068,474,MPO40-6,MPO88-6,27,6,59,2#叶子,RECAL 1 6 27 1 1 59,2841,pm_pm_1x64_2,4,62,RECAL 3 0 9999 9999 64 4 80,Y,1,0,ParabolaNotDownward,-343,33,2140,0.2140,6,-253068
1.9068,474,MPO40-6,MPO88-6,27,6,59,2#叶子,RECAL 1 6 27 1 1 59,2842,pm_pm_1x64_2,4,62,RECAL 3 0 9999 9999 200 4 80,Y,2,1,Ok,-479,101,8956,0.8956,38,-252819
1.9068,474,MPO40-6,MPO88-6,27,6,59,2#叶子,RECAL 1 6 27 1 1 59,2843,pm_pm_1x64_2,4,62,RECAL 3 0 9999 -328 64 4 80,Y,3,1,Ok,-392,33,1250,0.1250,15,-252778
1.9068,474,MPO40-6,MPO88-6,27,6,59,2#叶子,RECAL 1 6 27 1 1 59,2844,pm_pm_1x64_2,4,62,RECAL 3 1 9999 -328 64 4 80,X,1,1,Ok,-2867,33,251273,25.1273,14,-244818
1.9068,474,MPO40-6,MPO88-6,27,6,59,1#MCS,RECAL 1 3 27 6 6 59,1029,pm_pm_mcs1,1,474,RECAL 3 0 9999 9999 64 4 80,Y,1,1,Ok,2311,33,99111,9.9111,17,-252153
1.9068,474,MPO40-6,MPO88-6,27,6,59,1#MCS,RECAL 1 3 27 6 6 59,1030,pm_pm_mcs1,1,474,RECAL 3 1 9999 2378 64 4 80,X,1,1,Ok,2773,33,249526,24.9526,18,-247125
1.9068,474,MPO40-6,MPO88-6,27,6,59,2#MCS,RECAL 1 4 27 6 6 59,2329,pm_pm_mcs2,2,474,RECAL 3 0 9999 9999 64 4 80,Y,1,1,Ok,2474,33,118704,11.8704,18,-250678
1.9068,474,MPO40-6,MPO88-6,27,6,59,2#MCS,RECAL 1 4 27 6 6 59,2330,pm_pm_mcs2,2,474,RECAL 3 1 9999 2547 64 4 80,X,1,1,Ok,2732,33,247968,24.7968,17,-247910
1.9719,475,MPO40-7,MPO88-7,27,7,59,1#SW1级联,RECAL 1 1 15 1 1 47,2572,pm_pm_1x64_1,3,8,RECAL 3 0 9999 9999 64 4 80,Y,1,0,ParabolaNotDownward,29,33,1011,0.1011,7,-249873
1.9719,475,MPO40-7,MPO88-7,27,7,59,1#SW1级联,RECAL 1 1 15 1 1 47,2573,pm_pm_1x64_1,3,8,RECAL 3 0 9999 9999 200 4 80,Y,2,0,ParabolaNotDownward,-107,101,8267,0.8267,0,-248874
1.9719,475,MPO40-7,MPO88-7,27,7,59,1#SW1级联,RECAL 1 1 15 1 1 47,2574,pm_pm_1x64_1,3,8,RECAL 3 0 9999 -307 200 4 80,Y,3,1,Ok,-507,101,28532,2.8532,82,-248035
1.9719,475,MPO40-7,MPO88-7,27,7,59,1#SW1级联,RECAL 1 1 15 1 1 47,2575,pm_pm_1x64_1,3,8,RECAL 3 0 9999 -195 64 4 80,Y,4,1,Ok,-259,33,582,0.0582,16,-247940
1.9719,475,MPO40-7,MPO88-7,27,7,59,1#SW1级联,RECAL 1 1 15 1 1 47,2576,pm_pm_1x64_1,3,8,RECAL 3 1 9999 -191 64 4 80,X,1,1,Ok,2123,33,225933,22.5933,18,-246169
1.9719,475,MPO40-7,MPO88-7,27,7,59,1#叶子,RECAL 1 2 27 1 1 59,2625,pm_pm_1x64_1,3,30,RECAL 3 0 9999 9999 64 4 80,Y,1,1,Ok,-2288,33,79973,7.9973,15,-253925
1.9719,475,MPO40-7,MPO88-7,27,7,59,1#叶子,RECAL 1 2 27 1 1 59,2626,pm_pm_1x64_1,3,30,RECAL 3 1 9999 -2229 64 4 80,X,1,1,Ok,-2911,33,246086,24.6086,14,-249925
1.9719,475,MPO40-7,MPO88-7,27,7,59,2#SW1级联,RECAL 1 5 17 1 1 49,2729,pm_pm_1x64_2,4,10,RECAL 3 0 9999 9999 64 4 80,Y,1,1,Ok,-1042,33,17725,1.7725,13,-242645
1.9719,475,MPO40-7,MPO88-7,27,7,59,2#SW1级联,RECAL 1 5 17 1 1 49,2730,pm_pm_1x64_2,4,10,RECAL 3 1 9999 -989 64 4 80,X,1,1,Ok,-1390,33,95937,9.5937,17,-242326
1.9719,475,MPO40-7,MPO88-7,27,7,59,2#叶子,RECAL 1 6 27 1 1 59,2841,pm_pm_1x64_2,4,62,RECAL 3 0 9999 9999 64 4 80,Y,1,0,ParabolaNotDownward,-343,33,2140,0.2140,6,-253068
1.9719,475,MPO40-7,MPO88-7,27,7,59,2#叶子,RECAL 1 6 27 1 1 59,2842,pm_pm_1x64_2,4,62,RECAL 3 0 9999 9999 200 4 80,Y,2,1,Ok,-479,101,8956,0.8956,38,-252819
1.9719,475,MPO40-7,MPO88-7,27,7,59,2#叶子,RECAL 1 6 27 1 1 59,2843,pm_pm_1x64_2,4,62,RECAL 3 0 9999 -328 64 4 80,Y,3,1,Ok,-392,33,1250,0.1250,15,-252778
1.9719,475,MPO40-7,MPO88-7,27,7,59,2#叶子,RECAL 1 6 27 1 1 59,2844,pm_pm_1x64_2,4,62,RECAL 3 1 9999 -328 64 4 80,X,1,1,Ok,-2867,33,251273,25.1273,14,-244818
1.9719,475,MPO40-7,MPO88-7,27,7,59,1#MCS,RECAL 1 3 27 7 7 59,1031,pm_pm_mcs1,1,475,RECAL 3 0 9999 9999 64 4 80,Y,1,0,ParabolaNotDownward,-59,33,376,0.0376,0,-252267
1.9719,475,MPO40-7,MPO88-7,27,7,59,1#MCS,RECAL 1 3 27 7 7 59,1032,pm_pm_mcs1,1,475,RECAL 3 0 9999 9999 200 4 80,Y,2,0,ParabolaNotDownward,-195,101,3475,0.3475,5,-251701
1.9719,475,MPO40-7,MPO88-7,27,7,59,1#MCS,RECAL 1 3 27 7 7 59,1033,pm_pm_mcs1,1,475,RECAL 3 0 9999 -395 200 4 80,Y,3,0,VertexOutOfRange,-595,101,67165,6.7165,99,-251588
1.9719,475,MPO40-7,MPO88-7,27,7,59,1#MCS,RECAL 1 3 27 7 7 59,1034,pm_pm_mcs1,1,475,RECAL 3 0 9999 405 200 4 80,Y,4,0,ParabolaNotDownward,205,101,103115,10.3115,0,-255135
1.9719,475,MPO40-7,MPO88-7,27,7,59,1#MCS,RECAL 1 3 27 7 7 59,1035,pm_pm_mcs1,1,475,RECAL 3 0 9999 -190 64 4 80,Y,5,1,Ok,-254,33,675,0.0675,18,-251498
1.9719,475,MPO40-7,MPO88-7,27,7,59,1#MCS,RECAL 1 3 27 7 7 59,1036,pm_pm_mcs1,1,475,RECAL 3 1 9999 -180 64 4 80,X,1,1,Ok,2749,33,249223,24.9223,18,-247637
1.9719,475,MPO40-7,MPO88-7,27,7,59,2#MCS,RECAL 1 4 27 7 7 59,2331,pm_pm_mcs2,2,475,RECAL 3 0 9999 9999 64 4 80,Y,1,1,Ok,917,33,13998,1.3998,17,-252277
1.9719,475,MPO40-7,MPO88-7,27,7,59,2#MCS,RECAL 1 4 27 7 7 59,2332,pm_pm_mcs2,2,475,RECAL 3 1 9999 986 64 4 80,X,1,1,Ok,2777,33,247284,24.7284,17,-249289
1.0705,476,MPO40-8,MPO88-8,27,8,59,1#SW1级联,RECAL 1 1 15 1 1 47,2572,pm_pm_1x64_1,3,8,RECAL 3 0 9999 9999 64 4 80,Y,1,0,ParabolaNotDownward,29,33,1011,0.1011,7,-249873
1.0705,476,MPO40-8,MPO88-8,27,8,59,1#SW1级联,RECAL 1 1 15 1 1 47,2573,pm_pm_1x64_1,3,8,RECAL 3 0 9999 9999 200 4 80,Y,2,0,ParabolaNotDownward,-107,101,8267,0.8267,0,-248874
1.0705,476,MPO40-8,MPO88-8,27,8,59,1#SW1级联,RECAL 1 1 15 1 1 47,2574,pm_pm_1x64_1,3,8,RECAL 3 0 9999 -307 200 4 80,Y,3,1,Ok,-507,101,28532,2.8532,82,-248035
1.0705,476,MPO40-8,MPO88-8,27,8,59,1#SW1级联,RECAL 1 1 15 1 1 47,2575,pm_pm_1x64_1,3,8,RECAL 3 0 9999 -195 64 4 80,Y,4,1,Ok,-259,33,582,0.0582,16,-247940
1.0705,476,MPO40-8,MPO88-8,27,8,59,1#SW1级联,RECAL 1 1 15 1 1 47,2576,pm_pm_1x64_1,3,8,RECAL 3 1 9999 -191 64 4 80,X,1,1,Ok,2123,33,225933,22.5933,18,-246169
1.0705,476,MPO40-8,MPO88-8,27,8,59,1#叶子,RECAL 1 2 27 1 1 59,2625,pm_pm_1x64_1,3,30,RECAL 3 0 9999 9999 64 4 80,Y,1,1,Ok,-2288,33,79973,7.9973,15,-253925
1.0705,476,MPO40-8,MPO88-8,27,8,59,1#叶子,RECAL 1 2 27 1 1 59,2626,pm_pm_1x64_1,3,30,RECAL 3 1 9999 -2229 64 4 80,X,1,1,Ok,-2911,33,246086,24.6086,14,-249925
1.0705,476,MPO40-8,MPO88-8,27,8,59,2#SW1级联,RECAL 1 5 17 1 1 49,2729,pm_pm_1x64_2,4,10,RECAL 3 0 9999 9999 64 4 80,Y,1,1,Ok,-1042,33,17725,1.7725,13,-242645
1.0705,476,MPO40-8,MPO88-8,27,8,59,2#SW1级联,RECAL 1 5 17 1 1 49,2730,pm_pm_1x64_2,4,10,RECAL 3 1 9999 -989 64 4 80,X,1,1,Ok,-1390,33,95937,9.5937,17,-242326
1.0705,476,MPO40-8,MPO88-8,27,8,59,2#叶子,RECAL 1 6 27 1 1 59,2841,pm_pm_1x64_2,4,62,RECAL 3 0 9999 9999 64 4 80,Y,1,0,ParabolaNotDownward,-343,33,2140,0.2140,6,-253068
1.0705,476,MPO40-8,MPO88-8,27,8,59,2#叶子,RECAL 1 6 27 1 1 59,2842,pm_pm_1x64_2,4,62,RECAL 3 0 9999 9999 200 4 80,Y,2,1,Ok,-479,101,8956,0.8956,38,-252819
1.0705,476,MPO40-8,MPO88-8,27,8,59,2#叶子,RECAL 1 6 27 1 1 59,2843,pm_pm_1x64_2,4,62,RECAL 3 0 9999 -328 64 4 80,Y,3,1,Ok,-392,33,1250,0.1250,15,-252778
1.0705,476,MPO40-8,MPO88-8,27,8,59,2#叶子,RECAL 1 6 27 1 1 59,2844,pm_pm_1x64_2,4,62,RECAL 3 1 9999 -328 64 4 80,X,1,1,Ok,-2867,33,251273,25.1273,14,-244818
1.0705,476,MPO40-8,MPO88-8,27,8,59,1#MCS,RECAL 1 3 27 8 8 59,1037,pm_pm_mcs1,1,476,RECAL 3 0 9999 9999 64 4 80,Y,1,1,Ok,-564,33,3319,0.3319,15,-245762
1.0705,476,MPO40-8,MPO88-8,27,8,59,1#MCS,RECAL 1 3 27 8 8 59,1038,pm_pm_mcs1,1,476,RECAL 3 1 9999 -507 64 4 80,X,1,1,Ok,2100,33,241309,24.1309,18,-242946
1.0705,476,MPO40-8,MPO88-8,27,8,59,2#MCS,RECAL 1 4 27 8 8 59,2333,pm_pm_mcs2,2,476,RECAL 3 0 9999 9999 64 4 80,Y,1,1,Ok,894,33,15137,1.5137,17,-245216
1.0705,476,MPO40-8,MPO88-8,27,8,59,2#MCS,RECAL 1 4 27 8 8 59,2334,pm_pm_mcs2,2,476,RECAL 3 1 9999 964 64 4 80,X,1,1,Ok,2157,33,242612,24.2612,17,-244524
0.3226,477,MPO40-9,MPO88-9,27,9,59,1#SW1级联,RECAL 1 1 15 1 1 47,2572,pm_pm_1x64_1,3,8,RECAL 3 0 9999 9999 64 4 80,Y,1,0,ParabolaNotDownward,29,33,1011,0.1011,7,-249873
0.3226,477,MPO40-9,MPO88-9,27,9,59,1#SW1级联,RECAL 1 1 15 1 1 47,2573,pm_pm_1x64_1,3,8,RECAL 3 0 9999 9999 200 4 80,Y,2,0,ParabolaNotDownward,-107,101,8267,0.8267,0,-248874
0.3226,477,MPO40-9,MPO88-9,27,9,59,1#SW1级联,RECAL 1 1 15 1 1 47,2574,pm_pm_1x64_1,3,8,RECAL 3 0 9999 -307 200 4 80,Y,3,1,Ok,-507,101,28532,2.8532,82,-248035
0.3226,477,MPO40-9,MPO88-9,27,9,59,1#SW1级联,RECAL 1 1 15 1 1 47,2575,pm_pm_1x64_1,3,8,RECAL 3 0 9999 -195 64 4 80,Y,4,1,Ok,-259,33,582,0.0582,16,-247940
0.3226,477,MPO40-9,MPO88-9,27,9,59,1#SW1级联,RECAL 1 1 15 1 1 47,2576,pm_pm_1x64_1,3,8,RECAL 3 1 9999 -191 64 4 80,X,1,1,Ok,2123,33,225933,22.5933,18,-246169
0.3226,477,MPO40-9,MPO88-9,27,9,59,1#叶子,RECAL 1 2 27 1 1 59,2625,pm_pm_1x64_1,3,30,RECAL 3 0 9999 9999 64 4 80,Y,1,1,Ok,-2288,33,79973,7.9973,15,-253925
0.3226,477,MPO40-9,MPO88-9,27,9,59,1#叶子,RECAL 1 2 27 1 1 59,2626,pm_pm_1x64_1,3,30,RECAL 3 1 9999 -2229 64 4 80,X,1,1,Ok,-2911,33,246086,24.6086,14,-249925
0.3226,477,MPO40-9,MPO88-9,27,9,59,2#SW1级联,RECAL 1 5 17 1 1 49,2729,pm_pm_1x64_2,4,10,RECAL 3 0 9999 9999 64 4 80,Y,1,1,Ok,-1042,33,17725,1.7725,13,-242645
0.3226,477,MPO40-9,MPO88-9,27,9,59,2#SW1级联,RECAL 1 5 17 1 1 49,2730,pm_pm_1x64_2,4,10,RECAL 3 1 9999 -989 64 4 80,X,1,1,Ok,-1390,33,95937,9.5937,17,-242326
0.3226,477,MPO40-9,MPO88-9,27,9,59,2#叶子,RECAL 1 6 27 1 1 59,2841,pm_pm_1x64_2,4,62,RECAL 3 0 9999 9999 64 4 80,Y,1,0,ParabolaNotDownward,-343,33,2140,0.2140,6,-253068
0.3226,477,MPO40-9,MPO88-9,27,9,59,2#叶子,RECAL 1 6 27 1 1 59,2842,pm_pm_1x64_2,4,62,RECAL 3 0 9999 9999 200 4 80,Y,2,1,Ok,-479,101,8956,0.8956,38,-252819
0.3226,477,MPO40-9,MPO88-9,27,9,59,2#叶子,RECAL 1 6 27 1 1 59,2843,pm_pm_1x64_2,4,62,RECAL 3 0 9999 -328 64 4 80,Y,3,1,Ok,-392,33,1250,0.1250,15,-252778
0.3226,477,MPO40-9,MPO88-9,27,9,59,2#叶子,RECAL 1 6 27 1 1 59,2844,pm_pm_1x64_2,4,62,RECAL 3 1 9999 -328 64 4 80,X,1,1,Ok,-2867,33,251273,25.1273,14,-244818
0.3226,477,MPO40-9,MPO88-9,27,9,59,1#MCS,RECAL 1 3 27 9 9 59,1039,pm_pm_mcs1,1,477,RECAL 3 0 9999 9999 64 4 80,Y,1,1,Ok,-711,33,7686,0.7686,13,-240714
0.3226,477,MPO40-9,MPO88-9,27,9,59,1#MCS,RECAL 1 3 27 9 9 59,1040,pm_pm_mcs1,1,477,RECAL 3 1 9999 -660 64 4 80,X,1,1,Ok,1144,33,84628,8.4628,17,-240278
0.3226,477,MPO40-9,MPO88-9,27,9,59,2#MCS,RECAL 1 4 27 9 9 59,2335,pm_pm_mcs2,2,477,RECAL 3 0 9999 9999 64 4 80,Y,1,1,Ok,542,33,5056,0.5056,17,-240409
0.3226,477,MPO40-9,MPO88-9,27,9,59,2#MCS,RECAL 1 4 27 9 9 59,2336,pm_pm_mcs2,2,477,RECAL 3 1 9999 610 64 4 80,X,1,1,Ok,1287,33,104674,10.4674,16,-240394
0.2104,478,MPO40-10,MPO88-10,27,10,59,1#SW1级联,RECAL 1 1 15 1 1 47,2572,pm_pm_1x64_1,3,8,RECAL 3 0 9999 9999 64 4 80,Y,1,0,ParabolaNotDownward,29,33,1011,0.1011,7,-249873
0.2104,478,MPO40-10,MPO88-10,27,10,59,1#SW1级联,RECAL 1 1 15 1 1 47,2573,pm_pm_1x64_1,3,8,RECAL 3 0 9999 9999 200 4 80,Y,2,0,ParabolaNotDownward,-107,101,8267,0.8267,0,-248874
0.2104,478,MPO40-10,MPO88-10,27,10,59,1#SW1级联,RECAL 1 1 15 1 1 47,2574,pm_pm_1x64_1,3,8,RECAL 3 0 9999 -307 200 4 80,Y,3,1,Ok,-507,101,28532,2.8532,82,-248035
0.2104,478,MPO40-10,MPO88-10,27,10,59,1#SW1级联,RECAL 1 1 15 1 1 47,2575,pm_pm_1x64_1,3,8,RECAL 3 0 9999 -195 64 4 80,Y,4,1,Ok,-259,33,582,0.0582,16,-247940
0.2104,478,MPO40-10,MPO88-10,27,10,59,1#SW1级联,RECAL 1 1 15 1 1 47,2576,pm_pm_1x64_1,3,8,RECAL 3 1 9999 -191 64 4 80,X,1,1,Ok,2123,33,225933,22.5933,18,-246169
0.2104,478,MPO40-10,MPO88-10,27,10,59,1#叶子,RECAL 1 2 27 1 1 59,2625,pm_pm_1x64_1,3,30,RECAL 3 0 9999 9999 64 4 80,Y,1,1,Ok,-2288,33,79973,7.9973,15,-253925
0.2104,478,MPO40-10,MPO88-10,27,10,59,1#叶子,RECAL 1 2 27 1 1 59,2626,pm_pm_1x64_1,3,30,RECAL 3 1 9999 -2229 64 4 80,X,1,1,Ok,-2911,33,246086,24.6086,14,-249925
0.2104,478,MPO40-10,MPO88-10,27,10,59,2#SW1级联,RECAL 1 5 17 1 1 49,2729,pm_pm_1x64_2,4,10,RECAL 3 0 9999 9999 64 4 80,Y,1,1,Ok,-1042,33,17725,1.7725,13,-242645
0.2104,478,MPO40-10,MPO88-10,27,10,59,2#SW1级联,RECAL 1 5 17 1 1 49,2730,pm_pm_1x64_2,4,10,RECAL 3 1 9999 -989 64 4 80,X,1,1,Ok,-1390,33,95937,9.5937,17,-242326
0.2104,478,MPO40-10,MPO88-10,27,10,59,2#叶子,RECAL 1 6 27 1 1 59,2841,pm_pm_1x64_2,4,62,RECAL 3 0 9999 9999 64 4 80,Y,1,0,ParabolaNotDownward,-343,33,2140,0.2140,6,-253068
0.2104,478,MPO40-10,MPO88-10,27,10,59,2#叶子,RECAL 1 6 27 1 1 59,2842,pm_pm_1x64_2,4,62,RECAL 3 0 9999 9999 200 4 80,Y,2,1,Ok,-479,101,8956,0.8956,38,-252819
0.2104,478,MPO40-10,MPO88-10,27,10,59,2#叶子,RECAL 1 6 27 1 1 59,2843,pm_pm_1x64_2,4,62,RECAL 3 0 9999 -328 64 4 80,Y,3,1,Ok,-392,33,1250,0.1250,15,-252778
0.2104,478,MPO40-10,MPO88-10,27,10,59,2#叶子,RECAL 1 6 27 1 1 59,2844,pm_pm_1x64_2,4,62,RECAL 3 1 9999 -328 64 4 80,X,1,1,Ok,-2867,33,251273,25.1273,14,-244818
0.2104,478,MPO40-10,MPO88-10,27,10,59,1#MCS,RECAL 1 3 27 10 10 59,1041,pm_pm_mcs1,1,478,RECAL 3 0 9999 9999 64 4 80,Y,1,1,Ok,-787,33,9791,0.9791,13,-241261
0.2104,478,MPO40-10,MPO88-10,27,10,59,1#MCS,RECAL 1 3 27 10 10 59,1042,pm_pm_mcs1,1,478,RECAL 3 1 9999 -736 64 4 80,X,1,1,Ok,-1449,33,102887,10.2887,15,-241249
0.2104,478,MPO40-10,MPO88-10,27,10,59,2#MCS,RECAL 1 4 27 10 10 59,2337,pm_pm_mcs2,2,478,RECAL 3 0 9999 9999 64 4 80,Y,1,1,Ok,826,33,13963,1.3963,18,-240987
0.2104,478,MPO40-10,MPO88-10,27,10,59,2#MCS,RECAL 1 4 27 10 10 59,2338,pm_pm_mcs2,2,478,RECAL 3 1 9999 897 64 4 80,X,1,1,Ok,-1270,33,84238,8.4238,15,-240653
0.5507,479,MPO40-11,MPO88-11,27,11,59,1#SW1级联,RECAL 1 1 15 1 1 47,2572,pm_pm_1x64_1,3,8,RECAL 3 0 9999 9999 64 4 80,Y,1,0,ParabolaNotDownward,29,33,1011,0.1011,7,-249873
0.5507,479,MPO40-11,MPO88-11,27,11,59,1#SW1级联,RECAL 1 1 15 1 1 47,2573,pm_pm_1x64_1,3,8,RECAL 3 0 9999 9999 200 4 80,Y,2,0,ParabolaNotDownward,-107,101,8267,0.8267,0,-248874
0.5507,479,MPO40-11,MPO88-11,27,11,59,1#SW1级联,RECAL 1 1 15 1 1 47,2574,pm_pm_1x64_1,3,8,RECAL 3 0 9999 -307 200 4 80,Y,3,1,Ok,-507,101,28532,2.8532,82,-248035
0.5507,479,MPO40-11,MPO88-11,27,11,59,1#SW1级联,RECAL 1 1 15 1 1 47,2575,pm_pm_1x64_1,3,8,RECAL 3 0 9999 -195 64 4 80,Y,4,1,Ok,-259,33,582,0.0582,16,-247940
0.5507,479,MPO40-11,MPO88-11,27,11,59,1#SW1级联,RECAL 1 1 15 1 1 47,2576,pm_pm_1x64_1,3,8,RECAL 3 1 9999 -191 64 4 80,X,1,1,Ok,2123,33,225933,22.5933,18,-246169
0.5507,479,MPO40-11,MPO88-11,27,11,59,1#叶子,RECAL 1 2 27 1 1 59,2625,pm_pm_1x64_1,3,30,RECAL 3 0 9999 9999 64 4 80,Y,1,1,Ok,-2288,33,79973,7.9973,15,-253925
0.5507,479,MPO40-11,MPO88-11,27,11,59,1#叶子,RECAL 1 2 27 1 1 59,2626,pm_pm_1x64_1,3,30,RECAL 3 1 9999 -2229 64 4 80,X,1,1,Ok,-2911,33,246086,24.6086,14,-249925
0.5507,479,MPO40-11,MPO88-11,27,11,59,2#SW1级联,RECAL 1 5 17 1 1 49,2729,pm_pm_1x64_2,4,10,RECAL 3 0 9999 9999 64 4 80,Y,1,1,Ok,-1042,33,17725,1.7725,13,-242645
0.5507,479,MPO40-11,MPO88-11,27,11,59,2#SW1级联,RECAL 1 5 17 1 1 49,2730,pm_pm_1x64_2,4,10,RECAL 3 1 9999 -989 64 4 80,X,1,1,Ok,-1390,33,95937,9.5937,17,-242326
0.5507,479,MPO40-11,MPO88-11,27,11,59,2#叶子,RECAL 1 6 27 1 1 59,2841,pm_pm_1x64_2,4,62,RECAL 3 0 9999 9999 64 4 80,Y,1,0,ParabolaNotDownward,-343,33,2140,0.2140,6,-253068
0.5507,479,MPO40-11,MPO88-11,27,11,59,2#叶子,RECAL 1 6 27 1 1 59,2842,pm_pm_1x64_2,4,62,RECAL 3 0 9999 9999 200 4 80,Y,2,1,Ok,-479,101,8956,0.8956,38,-252819
0.5507,479,MPO40-11,MPO88-11,27,11,59,2#叶子,RECAL 1 6 27 1 1 59,2843,pm_pm_1x64_2,4,62,RECAL 3 0 9999 -328 64 4 80,Y,3,1,Ok,-392,33,1250,0.1250,15,-252778
0.5507,479,MPO40-11,MPO88-11,27,11,59,2#叶子,RECAL 1 6 27 1 1 59,2844,pm_pm_1x64_2,4,62,RECAL 3 1 9999 -328 64 4 80,X,1,1,Ok,-2867,33,251273,25.1273,14,-244818
0.5507,479,MPO40-11,MPO88-11,27,11,59,1#MCS,RECAL 1 3 27 11 11 59,1043,pm_pm_mcs1,1,479,RECAL 3 0 9999 9999 64 4 80,Y,1,1,Ok,-690,33,5544,0.5544,15,-245809
0.5507,479,MPO40-11,MPO88-11,27,11,59,1#MCS,RECAL 1 3 27 11 11 59,1044,pm_pm_mcs1,1,479,RECAL 3 1 9999 -633 64 4 80,X,1,1,Ok,-2333,33,243948,24.3948,15,-244114
0.5507,479,MPO40-11,MPO88-11,27,11,59,2#MCS,RECAL 1 4 27 11 11 59,2339,pm_pm_mcs2,2,479,RECAL 3 0 9999 9999 64 4 80,Y,1,1,Ok,446,33,3779,0.3779,18,-245612
0.5507,479,MPO40-11,MPO88-11,27,11,59,2#MCS,RECAL 1 4 27 11 11 59,2340,pm_pm_mcs2,2,479,RECAL 3 1 9999 518 64 4 80,X,1,1,Ok,-2205,33,240058,24.0058,14,-242987
0.9071,480,MPO40-12,MPO88-12,27,12,59,1#SW1级联,RECAL 1 1 15 1 1 47,2572,pm_pm_1x64_1,3,8,RECAL 3 0 9999 9999 64 4 80,Y,1,0,ParabolaNotDownward,29,33,1011,0.1011,7,-249873
0.9071,480,MPO40-12,MPO88-12,27,12,59,1#SW1级联,RECAL 1 1 15 1 1 47,2573,pm_pm_1x64_1,3,8,RECAL 3 0 9999 9999 200 4 80,Y,2,0,ParabolaNotDownward,-107,101,8267,0.8267,0,-248874
0.9071,480,MPO40-12,MPO88-12,27,12,59,1#SW1级联,RECAL 1 1 15 1 1 47,2574,pm_pm_1x64_1,3,8,RECAL 3 0 9999 -307 200 4 80,Y,3,1,Ok,-507,101,28532,2.8532,82,-248035
0.9071,480,MPO40-12,MPO88-12,27,12,59,1#SW1级联,RECAL 1 1 15 1 1 47,2575,pm_pm_1x64_1,3,8,RECAL 3 0 9999 -195 64 4 80,Y,4,1,Ok,-259,33,582,0.0582,16,-247940
0.9071,480,MPO40-12,MPO88-12,27,12,59,1#SW1级联,RECAL 1 1 15 1 1 47,2576,pm_pm_1x64_1,3,8,RECAL 3 1 9999 -191 64 4 80,X,1,1,Ok,2123,33,225933,22.5933,18,-246169
0.9071,480,MPO40-12,MPO88-12,27,12,59,1#叶子,RECAL 1 2 27 1 1 59,2625,pm_pm_1x64_1,3,30,RECAL 3 0 9999 9999 64 4 80,Y,1,1,Ok,-2288,33,79973,7.9973,15,-253925
0.9071,480,MPO40-12,MPO88-12,27,12,59,1#叶子,RECAL 1 2 27 1 1 59,2626,pm_pm_1x64_1,3,30,RECAL 3 1 9999 -2229 64 4 80,X,1,1,Ok,-2911,33,246086,24.6086,14,-249925
0.9071,480,MPO40-12,MPO88-12,27,12,59,2#SW1级联,RECAL 1 5 17 1 1 49,2729,pm_pm_1x64_2,4,10,RECAL 3 0 9999 9999 64 4 80,Y,1,1,Ok,-1042,33,17725,1.7725,13,-242645
0.9071,480,MPO40-12,MPO88-12,27,12,59,2#SW1级联,RECAL 1 5 17 1 1 49,2730,pm_pm_1x64_2,4,10,RECAL 3 1 9999 -989 64 4 80,X,1,1,Ok,-1390,33,95937,9.5937,17,-242326
0.9071,480,MPO40-12,MPO88-12,27,12,59,2#叶子,RECAL 1 6 27 1 1 59,2841,pm_pm_1x64_2,4,62,RECAL 3 0 9999 9999 64 4 80,Y,1,0,ParabolaNotDownward,-343,33,2140,0.2140,6,-253068
0.9071,480,MPO40-12,MPO88-12,27,12,59,2#叶子,RECAL 1 6 27 1 1 59,2842,pm_pm_1x64_2,4,62,RECAL 3 0 9999 9999 200 4 80,Y,2,1,Ok,-479,101,8956,0.8956,38,-252819
0.9071,480,MPO40-12,MPO88-12,27,12,59,2#叶子,RECAL 1 6 27 1 1 59,2843,pm_pm_1x64_2,4,62,RECAL 3 0 9999 -328 64 4 80,Y,3,1,Ok,-392,33,1250,0.1250,15,-252778
0.9071,480,MPO40-12,MPO88-12,27,12,59,2#叶子,RECAL 1 6 27 1 1 59,2844,pm_pm_1x64_2,4,62,RECAL 3 1 9999 -328 64 4 80,X,1,1,Ok,-2867,33,251273,25.1273,14,-244818
0.9071,480,MPO40-12,MPO88-12,27,12,59,1#MCS,RECAL 1 3 27 12 12 59,1045,pm_pm_mcs1,1,480,RECAL 3 0 9999 9999 64 4 80,Y,1,1,Ok,-789,33,7179,0.7179,14,-255787
0.9071,480,MPO40-12,MPO88-12,27,12,59,1#MCS,RECAL 1 3 27 12 12 59,1046,pm_pm_mcs1,1,480,RECAL 3 1 9999 -733 64 4 80,X,1,1,Ok,-2956,33,248672,24.8672,14,-248701
0.9071,480,MPO40-12,MPO88-12,27,12,59,2#MCS,RECAL 1 4 27 12 12 59,2341,pm_pm_mcs2,2,480,RECAL 3 0 9999 9999 64 4 80,Y,1,1,Ok,764,33,11024,1.1024,19,-255840
0.9071,480,MPO40-12,MPO88-12,27,12,59,2#MCS,RECAL 1 4 27 12 12 59,2342,pm_pm_mcs2,2,480,RECAL 3 1 9999 838 64 4 80,X,1,1,Ok,-2846,33,246269,24.6269,14,-250489
1.0357,481,MPO41-1,MPO89-1,27,13,59,1#SW1级联,RECAL 1 1 15 1 1 47,2572,pm_pm_1x64_1,3,8,RECAL 3 0 9999 9999 64 4 80,Y,1,0,ParabolaNotDownward,29,33,1011,0.1011,7,-249873
1.0357,481,MPO41-1,MPO89-1,27,13,59,1#SW1级联,RECAL 1 1 15 1 1 47,2573,pm_pm_1x64_1,3,8,RECAL 3 0 9999 9999 200 4 80,Y,2,0,ParabolaNotDownward,-107,101,8267,0.8267,0,-248874
1.0357,481,MPO41-1,MPO89-1,27,13,59,1#SW1级联,RECAL 1 1 15 1 1 47,2574,pm_pm_1x64_1,3,8,RECAL 3 0 9999 -307 200 4 80,Y,3,1,Ok,-507,101,28532,2.8532,82,-248035
1.0357,481,MPO41-1,MPO89-1,27,13,59,1#SW1级联,RECAL 1 1 15 1 1 47,2575,pm_pm_1x64_1,3,8,RECAL 3 0 9999 -195 64 4 80,Y,4,1,Ok,-259,33,582,0.0582,16,-247940
1.0357,481,MPO41-1,MPO89-1,27,13,59,1#SW1级联,RECAL 1 1 15 1 1 47,2576,pm_pm_1x64_1,3,8,RECAL 3 1 9999 -191 64 4 80,X,1,1,Ok,2123,33,225933,22.5933,18,-246169
1.0357,481,MPO41-1,MPO89-1,27,13,59,1#叶子,RECAL 1 2 27 1 1 59,2625,pm_pm_1x64_1,3,30,RECAL 3 0 9999 9999 64 4 80,Y,1,1,Ok,-2288,33,79973,7.9973,15,-253925
1.0357,481,MPO41-1,MPO89-1,27,13,59,1#叶子,RECAL 1 2 27 1 1 59,2626,pm_pm_1x64_1,3,30,RECAL 3 1 9999 -2229 64 4 80,X,1,1,Ok,-2911,33,246086,24.6086,14,-249925
1.0357,481,MPO41-1,MPO89-1,27,13,59,2#SW1级联,RECAL 1 5 17 1 1 49,2729,pm_pm_1x64_2,4,10,RECAL 3 0 9999 9999 64 4 80,Y,1,1,Ok,-1042,33,17725,1.7725,13,-242645
1.0357,481,MPO41-1,MPO89-1,27,13,59,2#SW1级联,RECAL 1 5 17 1 1 49,2730,pm_pm_1x64_2,4,10,RECAL 3 1 9999 -989 64 4 80,X,1,1,Ok,-1390,33,95937,9.5937,17,-242326
1.0357,481,MPO41-1,MPO89-1,27,13,59,2#叶子,RECAL 1 6 27 1 1 59,2841,pm_pm_1x64_2,4,62,RECAL 3 0 9999 9999 64 4 80,Y,1,0,ParabolaNotDownward,-343,33,2140,0.2140,6,-253068
1.0357,481,MPO41-1,MPO89-1,27,13,59,2#叶子,RECAL 1 6 27 1 1 59,2842,pm_pm_1x64_2,4,62,RECAL 3 0 9999 9999 200 4 80,Y,2,1,Ok,-479,101,8956,0.8956,38,-252819
1.0357,481,MPO41-1,MPO89-1,27,13,59,2#叶子,RECAL 1 6 27 1 1 59,2843,pm_pm_1x64_2,4,62,RECAL 3 0 9999 -328 64 4 80,Y,3,1,Ok,-392,33,1250,0.1250,15,-252778
1.0357,481,MPO41-1,MPO89-1,27,13,59,2#叶子,RECAL 1 6 27 1 1 59,2844,pm_pm_1x64_2,4,62,RECAL 3 1 9999 -328 64 4 80,X,1,1,Ok,-2867,33,251273,25.1273,14,-244818
1.0357,481,MPO41-1,MPO89-1,27,13,59,1#MCS,RECAL 1 3 27 13 13 59,1047,pm_pm_mcs1,1,481,RECAL 3 0 9999 9999 64 4 80,Y,1,1,Ok,-2534,33,121666,12.1666,13,-259296
1.0357,481,MPO41-1,MPO89-1,27,13,59,1#MCS,RECAL 1 3 27 13 13 59,1048,pm_pm_mcs1,1,481,RECAL 3 1 9999 -2480 64 4 80,X,1,1,Ok,-2915,33,240806,24.0806,14,-255911
1.0357,481,MPO41-1,MPO89-1,27,13,59,2#MCS,RECAL 1 4 27 13 13 59,2343,pm_pm_mcs2,2,481,RECAL 3 0 9999 9999 64 4 80,Y,1,1,Ok,-2298,33,75270,7.5270,16,-261698
1.0357,481,MPO41-1,MPO89-1,27,13,59,2#MCS,RECAL 1 4 27 13 13 59,2344,pm_pm_mcs2,2,481,RECAL 3 1 9999 -2234 64 4 80,X,1,1,Ok,-2878,33,240363,24.0363,14,-256314
0.7990,482,MPO41-2,MPO89-2,27,14,59,1#SW1级联,RECAL 1 1 15 1 1 47,2572,pm_pm_1x64_1,3,8,RECAL 3 0 9999 9999 64 4 80,Y,1,0,ParabolaNotDownward,29,33,1011,0.1011,7,-249873
0.7990,482,MPO41-2,MPO89-2,27,14,59,1#SW1级联,RECAL 1 1 15 1 1 47,2573,pm_pm_1x64_1,3,8,RECAL 3 0 9999 9999 200 4 80,Y,2,0,ParabolaNotDownward,-107,101,8267,0.8267,0,-248874
0.7990,482,MPO41-2,MPO89-2,27,14,59,1#SW1级联,RECAL 1 1 15 1 1 47,2574,pm_pm_1x64_1,3,8,RECAL 3 0 9999 -307 200 4 80,Y,3,1,Ok,-507,101,28532,2.8532,82,-248035
0.7990,482,MPO41-2,MPO89-2,27,14,59,1#SW1级联,RECAL 1 1 15 1 1 47,2575,pm_pm_1x64_1,3,8,RECAL 3 0 9999 -195 64 4 80,Y,4,1,Ok,-259,33,582,0.0582,16,-247940
0.7990,482,MPO41-2,MPO89-2,27,14,59,1#SW1级联,RECAL 1 1 15 1 1 47,2576,pm_pm_1x64_1,3,8,RECAL 3 1 9999 -191 64 4 80,X,1,1,Ok,2123,33,225933,22.5933,18,-246169
0.7990,482,MPO41-2,MPO89-2,27,14,59,1#叶子,RECAL 1 2 27 1 1 59,2625,pm_pm_1x64_1,3,30,RECAL 3 0 9999 9999 64 4 80,Y,1,1,Ok,-2288,33,79973,7.9973,15,-253925
0.7990,482,MPO41-2,MPO89-2,27,14,59,1#叶子,RECAL 1 2 27 1 1 59,2626,pm_pm_1x64_1,3,30,RECAL 3 1 9999 -2229 64 4 80,X,1,1,Ok,-2911,33,246086,24.6086,14,-249925
0.7990,482,MPO41-2,MPO89-2,27,14,59,2#SW1级联,RECAL 1 5 17 1 1 49,2729,pm_pm_1x64_2,4,10,RECAL 3 0 9999 9999 64 4 80,Y,1,1,Ok,-1042,33,17725,1.7725,13,-242645
0.7990,482,MPO41-2,MPO89-2,27,14,59,2#SW1级联,RECAL 1 5 17 1 1 49,2730,pm_pm_1x64_2,4,10,RECAL 3 1 9999 -989 64 4 80,X,1,1,Ok,-1390,33,95937,9.5937,17,-242326
0.7990,482,MPO41-2,MPO89-2,27,14,59,2#叶子,RECAL 1 6 27 1 1 59,2841,pm_pm_1x64_2,4,62,RECAL 3 0 9999 9999 64 4 80,Y,1,0,ParabolaNotDownward,-343,33,2140,0.2140,6,-253068
0.7990,482,MPO41-2,MPO89-2,27,14,59,2#叶子,RECAL 1 6 27 1 1 59,2842,pm_pm_1x64_2,4,62,RECAL 3 0 9999 9999 200 4 80,Y,2,1,Ok,-479,101,8956,0.8956,38,-252819
0.7990,482,MPO41-2,MPO89-2,27,14,59,2#叶子,RECAL 1 6 27 1 1 59,2843,pm_pm_1x64_2,4,62,RECAL 3 0 9999 -328 64 4 80,Y,3,1,Ok,-392,33,1250,0.1250,15,-252778
0.7990,482,MPO41-2,MPO89-2,27,14,59,2#叶子,RECAL 1 6 27 1 1 59,2844,pm_pm_1x64_2,4,62,RECAL 3 1 9999 -328 64 4 80,X,1,1,Ok,-2867,33,251273,25.1273,14,-244818
0.7990,482,MPO41-2,MPO89-2,27,14,59,1#MCS,RECAL 1 3 27 14 14 59,1049,pm_pm_mcs1,1,482,RECAL 3 0 9999 9999 64 4 80,Y,1,1,Ok,-2514,33,117346,11.7346,14,-252402
0.7990,482,MPO41-2,MPO89-2,27,14,59,1#MCS,RECAL 1 3 27 14 14 59,1050,pm_pm_mcs1,1,482,RECAL 3 1 9999 -2458 64 4 80,X,1,1,Ok,-2279,33,237250,23.7250,15,-251183
0.7990,482,MPO41-2,MPO89-2,27,14,59,2#MCS,RECAL 1 4 27 14 14 59,2345,pm_pm_mcs2,2,482,RECAL 3 0 9999 9999 64 4 80,Y,1,1,Ok,-2376,33,83993,8.3993,15,-254108
0.7990,482,MPO41-2,MPO89-2,27,14,59,2#MCS,RECAL 1 4 27 14 14 59,2346,pm_pm_mcs2,2,482,RECAL 3 1 9999 -2314 64 4 80,X,1,1,Ok,-2247,33,237029,23.7029,14,-250984
0.6081,483,MPO41-3,MPO89-3,27,15,59,1#SW1级联,RECAL 1 1 15 1 1 47,2572,pm_pm_1x64_1,3,8,RECAL 3 0 9999 9999 64 4 80,Y,1,0,ParabolaNotDownward,29,33,1011,0.1011,7,-249873
0.6081,483,MPO41-3,MPO89-3,27,15,59,1#SW1级联,RECAL 1 1 15 1 1 47,2573,pm_pm_1x64_1,3,8,RECAL 3 0 9999 9999 200 4 80,Y,2,0,ParabolaNotDownward,-107,101,8267,0.8267,0,-248874
0.6081,483,MPO41-3,MPO89-3,27,15,59,1#SW1级联,RECAL 1 1 15 1 1 47,2574,pm_pm_1x64_1,3,8,RECAL 3 0 9999 -307 200 4 80,Y,3,1,Ok,-507,101,28532,2.8532,82,-248035
0.6081,483,MPO41-3,MPO89-3,27,15,59,1#SW1级联,RECAL 1 1 15 1 1 47,2575,pm_pm_1x64_1,3,8,RECAL 3 0 9999 -195 64 4 80,Y,4,1,Ok,-259,33,582,0.0582,16,-247940
0.6081,483,MPO41-3,MPO89-3,27,15,59,1#SW1级联,RECAL 1 1 15 1 1 47,2576,pm_pm_1x64_1,3,8,RECAL 3 1 9999 -191 64 4 80,X,1,1,Ok,2123,33,225933,22.5933,18,-246169
0.6081,483,MPO41-3,MPO89-3,27,15,59,1#叶子,RECAL 1 2 27 1 1 59,2625,pm_pm_1x64_1,3,30,RECAL 3 0 9999 9999 64 4 80,Y,1,1,Ok,-2288,33,79973,7.9973,15,-253925
0.6081,483,MPO41-3,MPO89-3,27,15,59,1#叶子,RECAL 1 2 27 1 1 59,2626,pm_pm_1x64_1,3,30,RECAL 3 1 9999 -2229 64 4 80,X,1,1,Ok,-2911,33,246086,24.6086,14,-249925
0.6081,483,MPO41-3,MPO89-3,27,15,59,2#SW1级联,RECAL 1 5 17 1 1 49,2729,pm_pm_1x64_2,4,10,RECAL 3 0 9999 9999 64 4 80,Y,1,1,Ok,-1042,33,17725,1.7725,13,-242645
0.6081,483,MPO41-3,MPO89-3,27,15,59,2#SW1级联,RECAL 1 5 17 1 1 49,2730,pm_pm_1x64_2,4,10,RECAL 3 1 9999 -989 64 4 80,X,1,1,Ok,-1390,33,95937,9.5937,17,-242326
0.6081,483,MPO41-3,MPO89-3,27,15,59,2#叶子,RECAL 1 6 27 1 1 59,2841,pm_pm_1x64_2,4,62,RECAL 3 0 9999 9999 64 4 80,Y,1,0,ParabolaNotDownward,-343,33,2140,0.2140,6,-253068
0.6081,483,MPO41-3,MPO89-3,27,15,59,2#叶子,RECAL 1 6 27 1 1 59,2842,pm_pm_1x64_2,4,62,RECAL 3 0 9999 9999 200 4 80,Y,2,1,Ok,-479,101,8956,0.8956,38,-252819
0.6081,483,MPO41-3,MPO89-3,27,15,59,2#叶子,RECAL 1 6 27 1 1 59,2843,pm_pm_1x64_2,4,62,RECAL 3 0 9999 -328 64 4 80,Y,3,1,Ok,-392,33,1250,0.1250,15,-252778
0.6081,483,MPO41-3,MPO89-3,27,15,59,2#叶子,RECAL 1 6 27 1 1 59,2844,pm_pm_1x64_2,4,62,RECAL 3 1 9999 -328 64 4 80,X,1,1,Ok,-2867,33,251273,25.1273,14,-244818
0.6081,483,MPO41-3,MPO89-3,27,15,59,1#MCS,RECAL 1 3 27 15 15 59,1051,pm_pm_mcs1,1,483,RECAL 3 0 9999 9999 64 4 80,Y,1,1,Ok,-2543,33,124564,12.4564,14,-248214
0.6081,483,MPO41-3,MPO89-3,27,15,59,1#MCS,RECAL 1 3 27 15 15 59,1052,pm_pm_mcs1,1,483,RECAL 3 1 9999 -2488 64 4 80,X,1,1,Ok,-1360,33,90853,9.0853,15,-248044
0.6081,483,MPO41-3,MPO89-3,27,15,59,2#MCS,RECAL 1 4 27 15 15 59,2347,pm_pm_mcs2,2,483,RECAL 3 0 9999 9999 64 4 80,Y,1,1,Ok,-2260,33,75988,7.5988,15,-250131
0.6081,483,MPO41-3,MPO89-3,27,15,59,2#MCS,RECAL 1 4 27 15 15 59,2348,pm_pm_mcs2,2,483,RECAL 3 1 9999 -2198 64 4 80,X,1,1,Ok,-1346,33,98431,9.8431,15,-249594
0.8781,484,MPO41-4,MPO89-4,27,16,59,1#SW1级联,RECAL 1 1 15 1 1 47,2572,pm_pm_1x64_1,3,8,RECAL 3 0 9999 9999 64 4 80,Y,1,0,ParabolaNotDownward,29,33,1011,0.1011,7,-249873
0.8781,484,MPO41-4,MPO89-4,27,16,59,1#SW1级联,RECAL 1 1 15 1 1 47,2573,pm_pm_1x64_1,3,8,RECAL 3 0 9999 9999 200 4 80,Y,2,0,ParabolaNotDownward,-107,101,8267,0.8267,0,-248874
0.8781,484,MPO41-4,MPO89-4,27,16,59,1#SW1级联,RECAL 1 1 15 1 1 47,2574,pm_pm_1x64_1,3,8,RECAL 3 0 9999 -307 200 4 80,Y,3,1,Ok,-507,101,28532,2.8532,82,-248035
0.8781,484,MPO41-4,MPO89-4,27,16,59,1#SW1级联,RECAL 1 1 15 1 1 47,2575,pm_pm_1x64_1,3,8,RECAL 3 0 9999 -195 64 4 80,Y,4,1,Ok,-259,33,582,0.0582,16,-247940
0.8781,484,MPO41-4,MPO89-4,27,16,59,1#SW1级联,RECAL 1 1 15 1 1 47,2576,pm_pm_1x64_1,3,8,RECAL 3 1 9999 -191 64 4 80,X,1,1,Ok,2123,33,225933,22.5933,18,-246169
0.8781,484,MPO41-4,MPO89-4,27,16,59,1#叶子,RECAL 1 2 27 1 1 59,2625,pm_pm_1x64_1,3,30,RECAL 3 0 9999 9999 64 4 80,Y,1,1,Ok,-2288,33,79973,7.9973,15,-253925
0.8781,484,MPO41-4,MPO89-4,27,16,59,1#叶子,RECAL 1 2 27 1 1 59,2626,pm_pm_1x64_1,3,30,RECAL 3 1 9999 -2229 64 4 80,X,1,1,Ok,-2911,33,246086,24.6086,14,-249925
0.8781,484,MPO41-4,MPO89-4,27,16,59,2#SW1级联,RECAL 1 5 17 1 1 49,2729,pm_pm_1x64_2,4,10,RECAL 3 0 9999 9999 64 4 80,Y,1,1,Ok,-1042,33,17725,1.7725,13,-242645
0.8781,484,MPO41-4,MPO89-4,27,16,59,2#SW1级联,RECAL 1 5 17 1 1 49,2730,pm_pm_1x64_2,4,10,RECAL 3 1 9999 -989 64 4 80,X,1,1,Ok,-1390,33,95937,9.5937,17,-242326
0.8781,484,MPO41-4,MPO89-4,27,16,59,2#叶子,RECAL 1 6 27 1 1 59,2841,pm_pm_1x64_2,4,62,RECAL 3 0 9999 9999 64 4 80,Y,1,0,ParabolaNotDownward,-343,33,2140,0.2140,6,-253068
0.8781,484,MPO41-4,MPO89-4,27,16,59,2#叶子,RECAL 1 6 27 1 1 59,2842,pm_pm_1x64_2,4,62,RECAL 3 0 9999 9999 200 4 80,Y,2,1,Ok,-479,101,8956,0.8956,38,-252819
0.8781,484,MPO41-4,MPO89-4,27,16,59,2#叶子,RECAL 1 6 27 1 1 59,2843,pm_pm_1x64_2,4,62,RECAL 3 0 9999 -328 64 4 80,Y,3,1,Ok,-392,33,1250,0.1250,15,-252778
0.8781,484,MPO41-4,MPO89-4,27,16,59,2#叶子,RECAL 1 6 27 1 1 59,2844,pm_pm_1x64_2,4,62,RECAL 3 1 9999 -328 64 4 80,X,1,1,Ok,-2867,33,251273,25.1273,14,-244818
0.8781,484,MPO41-4,MPO89-4,27,16,59,1#MCS,RECAL 1 3 27 16 16 59,1053,pm_pm_mcs1,1,484,RECAL 3 0 9999 9999 64 4 80,Y,1,1,Ok,-2521,33,128893,12.8893,13,-245813
0.8781,484,MPO41-4,MPO89-4,27,16,59,1#MCS,RECAL 1 3 27 16 16 59,1054,pm_pm_mcs1,1,484,RECAL 3 1 9999 -2468 64 4 80,X,1,1,Ok,1239,33,93356,9.3356,17,-245510
0.8781,484,MPO41-4,MPO89-4,27,16,59,2#MCS,RECAL 1 4 27 16 16 59,2349,pm_pm_mcs2,2,484,RECAL 3 0 9999 9999 64 4 80,Y,1,1,Ok,-2354,33,80435,8.0435,16,-248582
0.8781,484,MPO41-4,MPO89-4,27,16,59,2#MCS,RECAL 1 4 27 16 16 59,2350,pm_pm_mcs2,2,484,RECAL 3 1 9999 -2291 64 4 80,X,1,1,Ok,1210,33,91935,9.1935,16,-248556
1.6439,485,MPO41-5,MPO89-5,27,17,59,1#SW1级联,RECAL 1 1 15 1 1 47,2572,pm_pm_1x64_1,3,8,RECAL 3 0 9999 9999 64 4 80,Y,1,0,ParabolaNotDownward,29,33,1011,0.1011,7,-249873
1.6439,485,MPO41-5,MPO89-5,27,17,59,1#SW1级联,RECAL 1 1 15 1 1 47,2573,pm_pm_1x64_1,3,8,RECAL 3 0 9999 9999 200 4 80,Y,2,0,ParabolaNotDownward,-107,101,8267,0.8267,0,-248874
1.6439,485,MPO41-5,MPO89-5,27,17,59,1#SW1级联,RECAL 1 1 15 1 1 47,2574,pm_pm_1x64_1,3,8,RECAL 3 0 9999 -307 200 4 80,Y,3,1,Ok,-507,101,28532,2.8532,82,-248035
1.6439,485,MPO41-5,MPO89-5,27,17,59,1#SW1级联,RECAL 1 1 15 1 1 47,2575,pm_pm_1x64_1,3,8,RECAL 3 0 9999 -195 64 4 80,Y,4,1,Ok,-259,33,582,0.0582,16,-247940
1.6439,485,MPO41-5,MPO89-5,27,17,59,1#SW1级联,RECAL 1 1 15 1 1 47,2576,pm_pm_1x64_1,3,8,RECAL 3 1 9999 -191 64 4 80,X,1,1,Ok,2123,33,225933,22.5933,18,-246169
1.6439,485,MPO41-5,MPO89-5,27,17,59,1#叶子,RECAL 1 2 27 1 1 59,2625,pm_pm_1x64_1,3,30,RECAL 3 0 9999 9999 64 4 80,Y,1,1,Ok,-2288,33,79973,7.9973,15,-253925
1.6439,485,MPO41-5,MPO89-5,27,17,59,1#叶子,RECAL 1 2 27 1 1 59,2626,pm_pm_1x64_1,3,30,RECAL 3 1 9999 -2229 64 4 80,X,1,1,Ok,-2911,33,246086,24.6086,14,-249925
1.6439,485,MPO41-5,MPO89-5,27,17,59,2#SW1级联,RECAL 1 5 17 1 1 49,2729,pm_pm_1x64_2,4,10,RECAL 3 0 9999 9999 64 4 80,Y,1,1,Ok,-1042,33,17725,1.7725,13,-242645
1.6439,485,MPO41-5,MPO89-5,27,17,59,2#SW1级联,RECAL 1 5 17 1 1 49,2730,pm_pm_1x64_2,4,10,RECAL 3 1 9999 -989 64 4 80,X,1,1,Ok,-1390,33,95937,9.5937,17,-242326
1.6439,485,MPO41-5,MPO89-5,27,17,59,2#叶子,RECAL 1 6 27 1 1 59,2841,pm_pm_1x64_2,4,62,RECAL 3 0 9999 9999 64 4 80,Y,1,0,ParabolaNotDownward,-343,33,2140,0.2140,6,-253068
1.6439,485,MPO41-5,MPO89-5,27,17,59,2#叶子,RECAL 1 6 27 1 1 59,2842,pm_pm_1x64_2,4,62,RECAL 3 0 9999 9999 200 4 80,Y,2,1,Ok,-479,101,8956,0.8956,38,-252819
1.6439,485,MPO41-5,MPO89-5,27,17,59,2#叶子,RECAL 1 6 27 1 1 59,2843,pm_pm_1x64_2,4,62,RECAL 3 0 9999 -328 64 4 80,Y,3,1,Ok,-392,33,1250,0.1250,15,-252778
1.6439,485,MPO41-5,MPO89-5,27,17,59,2#叶子,RECAL 1 6 27 1 1 59,2844,pm_pm_1x64_2,4,62,RECAL 3 1 9999 -328 64 4 80,X,1,1,Ok,-2867,33,251273,25.1273,14,-244818
1.6439,485,MPO41-5,MPO89-5,27,17,59,1#MCS,RECAL 1 3 27 17 17 59,1055,pm_pm_mcs1,1,485,RECAL 3 0 9999 9999 64 4 80,Y,1,1,Ok,-2494,33,105721,10.5721,15,-251387
1.6439,485,MPO41-5,MPO89-5,27,17,59,1#MCS,RECAL 1 3 27 17 17 59,1056,pm_pm_mcs1,1,485,RECAL 3 1 9999 -2436 64 4 80,X,1,1,Ok,2154,33,237396,23.7396,17,-249619
1.6439,485,MPO41-5,MPO89-5,27,17,59,2#MCS,RECAL 1 4 27 17 17 59,2351,pm_pm_mcs2,2,485,RECAL 3 0 9999 9999 64 4 80,Y,1,1,Ok,-2240,33,74708,7.4708,16,-252050
1.6439,485,MPO41-5,MPO89-5,27,17,59,2#MCS,RECAL 1 4 27 17 17 59,2352,pm_pm_mcs2,2,485,RECAL 3 1 9999 -2175 64 4 80,X,1,1,Ok,2111,33,234543,23.4543,17,-251792
2.4622,486,MPO41-6,MPO89-6,27,18,59,1#SW1级联,RECAL 1 1 15 1 1 47,2572,pm_pm_1x64_1,3,8,RECAL 3 0 9999 9999 64 4 80,Y,1,0,ParabolaNotDownward,29,33,1011,0.1011,7,-249873
2.4622,486,MPO41-6,MPO89-6,27,18,59,1#SW1级联,RECAL 1 1 15 1 1 47,2573,pm_pm_1x64_1,3,8,RECAL 3 0 9999 9999 200 4 80,Y,2,0,ParabolaNotDownward,-107,101,8267,0.8267,0,-248874
2.4622,486,MPO41-6,MPO89-6,27,18,59,1#SW1级联,RECAL 1 1 15 1 1 47,2574,pm_pm_1x64_1,3,8,RECAL 3 0 9999 -307 200 4 80,Y,3,1,Ok,-507,101,28532,2.8532,82,-248035
2.4622,486,MPO41-6,MPO89-6,27,18,59,1#SW1级联,RECAL 1 1 15 1 1 47,2575,pm_pm_1x64_1,3,8,RECAL 3 0 9999 -195 64 4 80,Y,4,1,Ok,-259,33,582,0.0582,16,-247940
2.4622,486,MPO41-6,MPO89-6,27,18,59,1#SW1级联,RECAL 1 1 15 1 1 47,2576,pm_pm_1x64_1,3,8,RECAL 3 1 9999 -191 64 4 80,X,1,1,Ok,2123,33,225933,22.5933,18,-246169
2.4622,486,MPO41-6,MPO89-6,27,18,59,1#叶子,RECAL 1 2 27 1 1 59,2625,pm_pm_1x64_1,3,30,RECAL 3 0 9999 9999 64 4 80,Y,1,1,Ok,-2288,33,79973,7.9973,15,-253925
2.4622,486,MPO41-6,MPO89-6,27,18,59,1#叶子,RECAL 1 2 27 1 1 59,2626,pm_pm_1x64_1,3,30,RECAL 3 1 9999 -2229 64 4 80,X,1,1,Ok,-2911,33,246086,24.6086,14,-249925
2.4622,486,MPO41-6,MPO89-6,27,18,59,2#SW1级联,RECAL 1 5 17 1 1 49,2729,pm_pm_1x64_2,4,10,RECAL 3 0 9999 9999 64 4 80,Y,1,1,Ok,-1042,33,17725,1.7725,13,-242645
2.4622,486,MPO41-6,MPO89-6,27,18,59,2#SW1级联,RECAL 1 5 17 1 1 49,2730,pm_pm_1x64_2,4,10,RECAL 3 1 9999 -989 64 4 80,X,1,1,Ok,-1390,33,95937,9.5937,17,-242326
2.4622,486,MPO41-6,MPO89-6,27,18,59,2#叶子,RECAL 1 6 27 1 1 59,2841,pm_pm_1x64_2,4,62,RECAL 3 0 9999 9999 64 4 80,Y,1,0,ParabolaNotDownward,-343,33,2140,0.2140,6,-253068
2.4622,486,MPO41-6,MPO89-6,27,18,59,2#叶子,RECAL 1 6 27 1 1 59,2842,pm_pm_1x64_2,4,62,RECAL 3 0 9999 9999 200 4 80,Y,2,1,Ok,-479,101,8956,0.8956,38,-252819
2.4622,486,MPO41-6,MPO89-6,27,18,59,2#叶子,RECAL 1 6 27 1 1 59,2843,pm_pm_1x64_2,4,62,RECAL 3 0 9999 -328 64 4 80,Y,3,1,Ok,-392,33,1250,0.1250,15,-252778
2.4622,486,MPO41-6,MPO89-6,27,18,59,2#叶子,RECAL 1 6 27 1 1 59,2844,pm_pm_1x64_2,4,62,RECAL 3 1 9999 -328 64 4 80,X,1,1,Ok,-2867,33,251273,25.1273,14,-244818
2.4622,486,MPO41-6,MPO89-6,27,18,59,1#MCS,RECAL 1 3 27 18 18 59,1057,pm_pm_mcs1,1,486,RECAL 3 0 9999 9999 64 4 80,Y,1,1,Ok,-2453,33,101739,10.1739,14,-257247
2.4622,486,MPO41-6,MPO89-6,27,18,59,1#MCS,RECAL 1 3 27 18 18 59,1058,pm_pm_mcs1,1,486,RECAL 3 1 9999 -2396 64 4 80,X,1,1,Ok,2788,33,244459,24.4459,18,-252181
2.4622,486,MPO41-6,MPO89-6,27,18,59,2#MCS,RECAL 1 4 27 18 18 59,2353,pm_pm_mcs2,2,486,RECAL 3 0 9999 9999 64 4 80,Y,1,1,Ok,-2240,33,72838,7.2838,15,-258779
2.4622,486,MPO41-6,MPO89-6,27,18,59,2#MCS,RECAL 1 4 27 18 18 59,2354,pm_pm_mcs2,2,486,RECAL 3 1 9999 -2179 64 4 80,X,1,1,Ok,2741,33,240153,24.0153,17,-256462
