IL,IL_step,MPO_in,MPO_out,c1,c2,c4,device,RECAL1,mems_SW,sweep_count,peak_ok_count,peak_fail_count,Y_ok,X_ok,verdict,path_files,csv_lines
1.0303,469,MPO40-1,MPO88-1,27,1,59,1#SW1级联,RECAL 1 1 15 1 1 47,SW1,5,3,2,1,1,OK,pm_pm_1x64_1,2572;2573;2574;2575;2576
1.0303,469,MPO40-1,MPO88-1,27,1,59,1#叶子,RECAL 1 2 27 1 1 59,SW2,2,2,0,1,1,OK,pm_pm_1x64_1,2625;2626
1.0303,469,MPO40-1,MPO88-1,27,1,59,2#SW1级联,RECAL 1 5 17 1 1 49,SW1,2,2,0,1,1,OK,pm_pm_1x64_2,2729;2730
1.0303,469,MPO40-1,MPO88-1,27,1,59,2#叶子,RECAL 1 6 27 1 1 59,SW4,4,3,1,1,1,OK,pm_pm_1x64_2,2841;2842;2843;2844
1.0303,469,MPO40-1,MPO88-1,27,1,59,1#MCS,RECAL 1 3 27 1 1 59,,2,2,0,1,1,OK,pm_pm_mcs1,1019;1020
1.0303,469,MPO40-1,MPO88-1,27,1,59,2#MCS,RECAL 1 4 27 1 1 59,,2,2,0,1,1,OK,pm_pm_mcs2,2319;2320
0.5817,470,MPO40-2,MPO88-2,27,2,59,1#SW1级联,RECAL 1 1 15 1 1 47,SW1,5,3,2,1,1,OK,pm_pm_1x64_1,2572;2573;2574;2575;2576
0.5817,470,MPO40-2,MPO88-2,27,2,59,1#叶子,RECAL 1 2 27 1 1 59,SW2,2,2,0,1,1,OK,pm_pm_1x64_1,2625;2626
0.5817,470,MPO40-2,MPO88-2,27,2,59,2#SW1级联,RECAL 1 5 17 1 1 49,SW1,2,2,0,1,1,OK,pm_pm_1x64_2,2729;2730
0.5817,470,MPO40-2,MPO88-2,27,2,59,2#叶子,RECAL 1 6 27 1 1 59,SW4,4,3,1,1,1,OK,pm_pm_1x64_2,2841;2842;2843;2844
0.5817,470,MPO40-2,MPO88-2,27,2,59,1#MCS,RECAL 1 3 27 2 2 59,,2,2,0,1,1,OK,pm_pm_mcs1,1021;1022
0.5817,470,MPO40-2,MPO88-2,27,2,59,2#MCS,RECAL 1 4 27 2 2 59,,2,2,0,1,1,OK,pm_pm_mcs2,2321;2322
0.2844,471,MPO40-3,MPO88-3,27,3,59,1#SW1级联,RECAL 1 1 15 1 1 47,SW1,5,3,2,1,1,OK,pm_pm_1x64_1,2572;2573;2574;2575;2576
0.2844,471,MPO40-3,MPO88-3,27,3,59,1#叶子,RECAL 1 2 27 1 1 59,SW2,2,2,0,1,1,OK,pm_pm_1x64_1,2625;2626
0.2844,471,MPO40-3,MPO88-3,27,3,59,2#SW1级联,RECAL 1 5 17 1 1 49,SW1,2,2,0,1,1,OK,pm_pm_1x64_2,2729;2730
0.2844,471,MPO40-3,MPO88-3,27,3,59,2#叶子,RECAL 1 6 27 1 1 59,SW4,4,3,1,1,1,OK,pm_pm_1x64_2,2841;2842;2843;2844
0.2844,471,MPO40-3,MPO88-3,27,3,59,1#MCS,RECAL 1 3 27 3 3 59,,2,2,0,1,1,OK,pm_pm_mcs1,1023;1024
0.2844,471,MPO40-3,MPO88-3,27,3,59,2#MCS,RECAL 1 4 27 3 3 59,,2,2,0,1,1,OK,pm_pm_mcs2,2323;2324
0.3286,472,MPO40-4,MPO88-4,27,4,59,1#SW1级联,RECAL 1 1 15 1 1 47,SW1,5,3,2,1,1,OK,pm_pm_1x64_1,2572;2573;2574;2575;2576
0.3286,472,MPO40-4,MPO88-4,27,4,59,1#叶子,RECAL 1 2 27 1 1 59,SW2,2,2,0,1,1,OK,pm_pm_1x64_1,2625;2626
0.3286,472,MPO40-4,MPO88-4,27,4,59,2#SW1级联,RECAL 1 5 17 1 1 49,SW1,2,2,0,1,1,OK,pm_pm_1x64_2,2729;2730
0.3286,472,MPO40-4,MPO88-4,27,4,59,2#叶子,RECAL 1 6 27 1 1 59,SW4,4,3,1,1,1,OK,pm_pm_1x64_2,2841;2842;2843;2844
0.3286,472,MPO40-4,MPO88-4,27,4,59,1#MCS,RECAL 1 3 27 4 4 59,,2,2,0,1,1,OK,pm_pm_mcs1,1025;1026
0.3286,472,MPO40-4,MPO88-4,27,4,59,2#MCS,RECAL 1 4 27 4 4 59,,2,2,0,1,1,OK,pm_pm_mcs2,2325;2326
1.0663,473,MPO40-5,MPO88-5,27,5,59,1#SW1级联,RECAL 1 1 15 1 1 47,SW1,5,3,2,1,1,OK,pm_pm_1x64_1,2572;2573;2574;2575;2576
1.0663,473,MPO40-5,MPO88-5,27,5,59,1#叶子,RECAL 1 2 27 1 1 59,SW2,2,2,0,1,1,OK,pm_pm_1x64_1,2625;2626
1.0663,473,MPO40-5,MPO88-5,27,5,59,2#SW1级联,RECAL 1 5 17 1 1 49,SW1,2,2,0,1,1,OK,pm_pm_1x64_2,2729;2730
1.0663,473,MPO40-5,MPO88-5,27,5,59,2#叶子,RECAL 1 6 27 1 1 59,SW4,4,3,1,1,1,OK,pm_pm_1x64_2,2841;2842;2843;2844
1.0663,473,MPO40-5,MPO88-5,27,5,59,1#MCS,RECAL 1 3 27 5 5 59,,2,2,0,1,1,OK,pm_pm_mcs1,1027;1028
1.0663,473,MPO40-5,MPO88-5,27,5,59,2#MCS,RECAL 1 4 27 5 5 59,,2,2,0,1,1,OK,pm_pm_mcs2,2327;2328
1.9068,474,MPO40-6,MPO88-6,27,6,59,1#SW1级联,RECAL 1 1 15 1 1 47,SW1,5,3,2,1,1,OK,pm_pm_1x64_1,2572;2573;2574;2575;2576
1.9068,474,MPO40-6,MPO88-6,27,6,59,1#叶子,RECAL 1 2 27 1 1 59,SW2,2,2,0,1,1,OK,pm_pm_1x64_1,2625;2626
1.9068,474,MPO40-6,MPO88-6,27,6,59,2#SW1级联,RECAL 1 5 17 1 1 49,SW1,2,2,0,1,1,OK,pm_pm_1x64_2,2729;2730
1.9068,474,MPO40-6,MPO88-6,27,6,59,2#叶子,RECAL 1 6 27 1 1 59,SW4,4,3,1,1,1,OK,pm_pm_1x64_2,2841;2842;2843;2844
1.9068,474,MPO40-6,MPO88-6,27,6,59,1#MCS,RECAL 1 3 27 6 6 59,,2,2,0,1,1,OK,pm_pm_mcs1,1029;1030
1.9068,474,MPO40-6,MPO88-6,27,6,59,2#MCS,RECAL 1 4 27 6 6 59,,2,2,0,1,1,OK,pm_pm_mcs2,2329;2330
1.9719,475,MPO40-7,MPO88-7,27,7,59,1#SW1级联,RECAL 1 1 15 1 1 47,SW1,5,3,2,1,1,OK,pm_pm_1x64_1,2572;2573;2574;2575;2576
1.9719,475,MPO40-7,MPO88-7,27,7,59,1#叶子,RECAL 1 2 27 1 1 59,SW2,2,2,0,1,1,OK,pm_pm_1x64_1,2625;2626
1.9719,475,MPO40-7,MPO88-7,27,7,59,2#SW1级联,RECAL 1 5 17 1 1 49,SW1,2,2,0,1,1,OK,pm_pm_1x64_2,2729;2730
1.9719,475,MPO40-7,MPO88-7,27,7,59,2#叶子,RECAL 1 6 27 1 1 59,SW4,4,3,1,1,1,OK,pm_pm_1x64_2,2841;2842;2843;2844
1.9719,475,MPO40-7,MPO88-7,27,7,59,1#MCS,RECAL 1 3 27 7 7 59,,6,2,4,1,1,OK,pm_pm_mcs1,1031;1032;1033;1034;1035;1036
1.9719,475,MPO40-7,MPO88-7,27,7,59,2#MCS,RECAL 1 4 27 7 7 59,,2,2,0,1,1,OK,pm_pm_mcs2,2331;2332
1.0705,476,MPO40-8,MPO88-8,27,8,59,1#SW1级联,RECAL 1 1 15 1 1 47,SW1,5,3,2,1,1,OK,pm_pm_1x64_1,2572;2573;2574;2575;2576
1.0705,476,MPO40-8,MPO88-8,27,8,59,1#叶子,RECAL 1 2 27 1 1 59,SW2,2,2,0,1,1,OK,pm_pm_1x64_1,2625;2626
1.0705,476,MPO40-8,MPO88-8,27,8,59,2#SW1级联,RECAL 1 5 17 1 1 49,SW1,2,2,0,1,1,OK,pm_pm_1x64_2,2729;2730
1.0705,476,MPO40-8,MPO88-8,27,8,59,2#叶子,RECAL 1 6 27 1 1 59,SW4,4,3,1,1,1,OK,pm_pm_1x64_2,2841;2842;2843;2844
1.0705,476,MPO40-8,MPO88-8,27,8,59,1#MCS,RECAL 1 3 27 8 8 59,,2,2,0,1,1,OK,pm_pm_mcs1,1037;1038
1.0705,476,MPO40-8,MPO88-8,27,8,59,2#MCS,RECAL 1 4 27 8 8 59,,2,2,0,1,1,OK,pm_pm_mcs2,2333;2334
0.3226,477,MPO40-9,MPO88-9,27,9,59,1#SW1级联,RECAL 1 1 15 1 1 47,SW1,5,3,2,1,1,OK,pm_pm_1x64_1,2572;2573;2574;2575;2576
0.3226,477,MPO40-9,MPO88-9,27,9,59,1#叶子,RECAL 1 2 27 1 1 59,SW2,2,2,0,1,1,OK,pm_pm_1x64_1,2625;2626
0.3226,477,MPO40-9,MPO88-9,27,9,59,2#SW1级联,RECAL 1 5 17 1 1 49,SW1,2,2,0,1,1,OK,pm_pm_1x64_2,2729;2730
0.3226,477,MPO40-9,MPO88-9,27,9,59,2#叶子,RECAL 1 6 27 1 1 59,SW4,4,3,1,1,1,OK,pm_pm_1x64_2,2841;2842;2843;2844
0.3226,477,MPO40-9,MPO88-9,27,9,59,1#MCS,RECAL 1 3 27 9 9 59,,2,2,0,1,1,OK,pm_pm_mcs1,1039;1040
0.3226,477,MPO40-9,MPO88-9,27,9,59,2#MCS,RECAL 1 4 27 9 9 59,,2,2,0,1,1,OK,pm_pm_mcs2,2335;2336
0.2104,478,MPO40-10,MPO88-10,27,10,59,1#SW1级联,RECAL 1 1 15 1 1 47,SW1,5,3,2,1,1,OK,pm_pm_1x64_1,2572;2573;2574;2575;2576
0.2104,478,MPO40-10,MPO88-10,27,10,59,1#叶子,RECAL 1 2 27 1 1 59,SW2,2,2,0,1,1,OK,pm_pm_1x64_1,2625;2626
0.2104,478,MPO40-10,MPO88-10,27,10,59,2#SW1级联,RECAL 1 5 17 1 1 49,SW1,2,2,0,1,1,OK,pm_pm_1x64_2,2729;2730
0.2104,478,MPO40-10,MPO88-10,27,10,59,2#叶子,RECAL 1 6 27 1 1 59,SW4,4,3,1,1,1,OK,pm_pm_1x64_2,2841;2842;2843;2844
0.2104,478,MPO40-10,MPO88-10,27,10,59,1#MCS,RECAL 1 3 27 10 10 59,,2,2,0,1,1,OK,pm_pm_mcs1,1041;1042
0.2104,478,MPO40-10,MPO88-10,27,10,59,2#MCS,RECAL 1 4 27 10 10 59,,2,2,0,1,1,OK,pm_pm_mcs2,2337;2338
0.5507,479,MPO40-11,MPO88-11,27,11,59,1#SW1级联,RECAL 1 1 15 1 1 47,SW1,5,3,2,1,1,OK,pm_pm_1x64_1,2572;2573;2574;2575;2576
0.5507,479,MPO40-11,MPO88-11,27,11,59,1#叶子,RECAL 1 2 27 1 1 59,SW2,2,2,0,1,1,OK,pm_pm_1x64_1,2625;2626
0.5507,479,MPO40-11,MPO88-11,27,11,59,2#SW1级联,RECAL 1 5 17 1 1 49,SW1,2,2,0,1,1,OK,pm_pm_1x64_2,2729;2730
0.5507,479,MPO40-11,MPO88-11,27,11,59,2#叶子,RECAL 1 6 27 1 1 59,SW4,4,3,1,1,1,OK,pm_pm_1x64_2,2841;2842;2843;2844
0.5507,479,MPO40-11,MPO88-11,27,11,59,1#MCS,RECAL 1 3 27 11 11 59,,2,2,0,1,1,OK,pm_pm_mcs1,1043;1044
0.5507,479,MPO40-11,MPO88-11,27,11,59,2#MCS,RECAL 1 4 27 11 11 59,,2,2,0,1,1,OK,pm_pm_mcs2,2339;2340
0.9071,480,MPO40-12,MPO88-12,27,12,59,1#SW1级联,RECAL 1 1 15 1 1 47,SW1,5,3,2,1,1,OK,pm_pm_1x64_1,2572;2573;2574;2575;2576
0.9071,480,MPO40-12,MPO88-12,27,12,59,1#叶子,RECAL 1 2 27 1 1 59,SW2,2,2,0,1,1,OK,pm_pm_1x64_1,2625;2626
0.9071,480,MPO40-12,MPO88-12,27,12,59,2#SW1级联,RECAL 1 5 17 1 1 49,SW1,2,2,0,1,1,OK,pm_pm_1x64_2,2729;2730
0.9071,480,MPO40-12,MPO88-12,27,12,59,2#叶子,RECAL 1 6 27 1 1 59,SW4,4,3,1,1,1,OK,pm_pm_1x64_2,2841;2842;2843;2844
0.9071,480,MPO40-12,MPO88-12,27,12,59,1#MCS,RECAL 1 3 27 12 12 59,,2,2,0,1,1,OK,pm_pm_mcs1,1045;1046
0.9071,480,MPO40-12,MPO88-12,27,12,59,2#MCS,RECAL 1 4 27 12 12 59,,2,2,0,1,1,OK,pm_pm_mcs2,2341;2342
1.0357,481,MPO41-1,MPO89-1,27,13,59,1#SW1级联,RECAL 1 1 15 1 1 47,SW1,5,3,2,1,1,OK,pm_pm_1x64_1,2572;2573;2574;2575;2576
1.0357,481,MPO41-1,MPO89-1,27,13,59,1#叶子,RECAL 1 2 27 1 1 59,SW2,2,2,0,1,1,OK,pm_pm_1x64_1,2625;2626
1.0357,481,MPO41-1,MPO89-1,27,13,59,2#SW1级联,RECAL 1 5 17 1 1 49,SW1,2,2,0,1,1,OK,pm_pm_1x64_2,2729;2730
1.0357,481,MPO41-1,MPO89-1,27,13,59,2#叶子,RECAL 1 6 27 1 1 59,SW4,4,3,1,1,1,OK,pm_pm_1x64_2,2841;2842;2843;2844
1.0357,481,MPO41-1,MPO89-1,27,13,59,1#MCS,RECAL 1 3 27 13 13 59,,2,2,0,1,1,OK,pm_pm_mcs1,1047;1048
1.0357,481,MPO41-1,MPO89-1,27,13,59,2#MCS,RECAL 1 4 27 13 13 59,,2,2,0,1,1,OK,pm_pm_mcs2,2343;2344
0.7990,482,MPO41-2,MPO89-2,27,14,59,1#SW1级联,RECAL 1 1 15 1 1 47,SW1,5,3,2,1,1,OK,pm_pm_1x64_1,2572;2573;2574;2575;2576
0.7990,482,MPO41-2,MPO89-2,27,14,59,1#叶子,RECAL 1 2 27 1 1 59,SW2,2,2,0,1,1,OK,pm_pm_1x64_1,2625;2626
0.7990,482,MPO41-2,MPO89-2,27,14,59,2#SW1级联,RECAL 1 5 17 1 1 49,SW1,2,2,0,1,1,OK,pm_pm_1x64_2,2729;2730
0.7990,482,MPO41-2,MPO89-2,27,14,59,2#叶子,RECAL 1 6 27 1 1 59,SW4,4,3,1,1,1,OK,pm_pm_1x64_2,2841;2842;2843;2844
0.7990,482,MPO41-2,MPO89-2,27,14,59,1#MCS,RECAL 1 3 27 14 14 59,,2,2,0,1,1,OK,pm_pm_mcs1,1049;1050
0.7990,482,MPO41-2,MPO89-2,27,14,59,2#MCS,RECAL 1 4 27 14 14 59,,2,2,0,1,1,OK,pm_pm_mcs2,2345;2346
0.6081,483,MPO41-3,MPO89-3,27,15,59,1#SW1级联,RECAL 1 1 15 1 1 47,SW1,5,3,2,1,1,OK,pm_pm_1x64_1,2572;2573;2574;2575;2576
0.6081,483,MPO41-3,MPO89-3,27,15,59,1#叶子,RECAL 1 2 27 1 1 59,SW2,2,2,0,1,1,OK,pm_pm_1x64_1,2625;2626
0.6081,483,MPO41-3,MPO89-3,27,15,59,2#SW1级联,RECAL 1 5 17 1 1 49,SW1,2,2,0,1,1,OK,pm_pm_1x64_2,2729;2730
0.6081,483,MPO41-3,MPO89-3,27,15,59,2#叶子,RECAL 1 6 27 1 1 59,SW4,4,3,1,1,1,OK,pm_pm_1x64_2,2841;2842;2843;2844
0.6081,483,MPO41-3,MPO89-3,27,15,59,1#MCS,RECAL 1 3 27 15 15 59,,2,2,0,1,1,OK,pm_pm_mcs1,1051;1052
0.6081,483,MPO41-3,MPO89-3,27,15,59,2#MCS,RECAL 1 4 27 15 15 59,,2,2,0,1,1,OK,pm_pm_mcs2,2347;2348
0.8781,484,MPO41-4,MPO89-4,27,16,59,1#SW1级联,RECAL 1 1 15 1 1 47,SW1,5,3,2,1,1,OK,pm_pm_1x64_1,2572;2573;2574;2575;2576
0.8781,484,MPO41-4,MPO89-4,27,16,59,1#叶子,RECAL 1 2 27 1 1 59,SW2,2,2,0,1,1,OK,pm_pm_1x64_1,2625;2626
0.8781,484,MPO41-4,MPO89-4,27,16,59,2#SW1级联,RECAL 1 5 17 1 1 49,SW1,2,2,0,1,1,OK,pm_pm_1x64_2,2729;2730
0.8781,484,MPO41-4,MPO89-4,27,16,59,2#叶子,RECAL 1 6 27 1 1 59,SW4,4,3,1,1,1,OK,pm_pm_1x64_2,2841;2842;2843;2844
0.8781,484,MPO41-4,MPO89-4,27,16,59,1#MCS,RECAL 1 3 27 16 16 59,,2,2,0,1,1,OK,pm_pm_mcs1,1053;1054
0.8781,484,MPO41-4,MPO89-4,27,16,59,2#MCS,RECAL 1 4 27 16 16 59,,2,2,0,1,1,OK,pm_pm_mcs2,2349;2350
1.6439,485,MPO41-5,MPO89-5,27,17,59,1#SW1级联,RECAL 1 1 15 1 1 47,SW1,5,3,2,1,1,OK,pm_pm_1x64_1,2572;2573;2574;2575;2576
1.6439,485,MPO41-5,MPO89-5,27,17,59,1#叶子,RECAL 1 2 27 1 1 59,SW2,2,2,0,1,1,OK,pm_pm_1x64_1,2625;2626
1.6439,485,MPO41-5,MPO89-5,27,17,59,2#SW1级联,RECAL 1 5 17 1 1 49,SW1,2,2,0,1,1,OK,pm_pm_1x64_2,2729;2730
1.6439,485,MPO41-5,MPO89-5,27,17,59,2#叶子,RECAL 1 6 27 1 1 59,SW4,4,3,1,1,1,OK,pm_pm_1x64_2,2841;2842;2843;2844
1.6439,485,MPO41-5,MPO89-5,27,17,59,1#MCS,RECAL 1 3 27 17 17 59,,2,2,0,1,1,OK,pm_pm_mcs1,1055;1056
1.6439,485,MPO41-5,MPO89-5,27,17,59,2#MCS,RECAL 1 4 27 17 17 59,,2,2,0,1,1,OK,pm_pm_mcs2,2351;2352
2.4622,486,MPO41-6,MPO89-6,27,18,59,1#SW1级联,RECAL 1 1 15 1 1 47,SW1,5,3,2,1,1,OK,pm_pm_1x64_1,2572;2573;2574;2575;2576
2.4622,486,MPO41-6,MPO89-6,27,18,59,1#叶子,RECAL 1 2 27 1 1 59,SW2,2,2,0,1,1,OK,pm_pm_1x64_1,2625;2626
2.4622,486,MPO41-6,MPO89-6,27,18,59,2#SW1级联,RECAL 1 5 17 1 1 49,SW1,2,2,0,1,1,OK,pm_pm_1x64_2,2729;2730
2.4622,486,MPO41-6,MPO89-6,27,18,59,2#叶子,RECAL 1 6 27 1 1 59,SW4,4,3,1,1,1,OK,pm_pm_1x64_2,2841;2842;2843;2844
2.4622,486,MPO41-6,MPO89-6,27,18,59,1#MCS,RECAL 1 3 27 18 18 59,,2,2,0,1,1,OK,pm_pm_mcs1,1057;1058
2.4622,486,MPO41-6,MPO89-6,27,18,59,2#MCS,RECAL 1 4 27 18 18 59,,2,2,0,1,1,OK,pm_pm_mcs2,2353;2354
