run_index,step_i,step_total,slot,recal_cmd,recal_switch,max_cross_x,max_cross_y,fit_x,fit_y
1,1,576,1,1,3,NULL,NULL,NULL,NULL
1,2,576,1,1,3,NULL,NULL,NULL,NULL
1,3,576,1,1,3,-270993,-270884,2163,-1146
1,4,576,1,1,3,-258888,-259053,2118,1236
1,5,576,1,1,3,NULL,NULL,NULL,NULL
1,6,576,1,1,3,NULL,NULL,NULL,NULL
1,7,576,1,1,3,-225756,-225759,-408.1,2700
1,8,576,1,1,3,NULL,NULL,NULL,NULL
1,9,576,1,1,3,-270651,-270641,-674.6,1305
1,10,576,1,1,3,NULL,NULL,NULL,NULL
1,11,576,1,1,3,-226443,-226467,-629.8,-2025
1,12,576,1,1,3,-270719,-270672,-536.8,-2645
1,13,576,1,1,3,-270722,-270628,-2300,-2624
1,14,576,1,1,3,-224900,-224926,-2290,-2071
1,15,576,1,1,3,-225141,-225089,-2252,-1216
1,16,576,1,1,3,-225862,-225775,-2314,1207
1,17,576,1,1,3,-270689,-270755,-2213,2077
1,18,576,1,1,3,-226060,-226108,-2248,2660
1,19,576,1,1,3,NULL,NULL,NULL,NULL
1,20,576,1,1,3,-265348,-264952,2089,-2142
1,21,576,1,1,3,-234194,-233987,2078,-1296
1,22,576,1,1,3,-225115,-225064,2089,1165
1,23,576,1,1,3,-270641,-270712,2107,2055
1,24,576,1,1,3,-224543,-224510,2079,2667
1,25,576,1,1,3,-224061,-224329,-798.5,2650
1,26,576,1,1,3,NULL,NULL,NULL,NULL
1,27,576,1,1,3,-270786,-270741,-772.9,1159
1,28,576,1,1,3,-223637,-223571,-772.3,-1321
1,29,576,1,1,3,-254484,-254106,-738,-2154
1,30,576,1,1,3,-269761,-269597,-391.4,-2744
1,31,576,1,1,3,-270736,-270740,-2180,-2745
1,32,576,1,1,3,-230999,-230928,-2303,-2182
1,33,576,1,1,3,-269695,-269754,-2323,-1394
1,34,576,1,1,3,-222694,-222726,-2303,1070
1,35,576,1,1,3,-223255,-223166,-2252,2006
1,36,576,1,1,3,-223418,-223511,-2317,2623
1,37,576,1,1,3,NULL,NULL,NULL,NULL
1,38,576,1,1,3,-259904,-260044,2200,-2050
1,39,576,1,1,3,-227540,-227628,2107,-1206
1,40,576,1,1,3,NULL,NULL,NULL,NULL
1,41,576,1,1,3,NULL,NULL,NULL,NULL
1,42,576,1,1,3,-224407,-224270,2177,2632
1,43,576,1,1,3,-224303,-224324,-418.9,2608
1,44,576,1,1,3,NULL,NULL,NULL,NULL
1,45,576,1,1,3,-270546,-270627,-694.4,1153
1,46,576,1,1,3,-270433,-270226,-696.6,-1253
1,47,576,1,1,3,-268287,-268161,-244.3,-2084
1,48,576,1,1,3,NULL,NULL,NULL,NULL
1,49,576,1,1,3,NULL,NULL,NULL,NULL
1,50,576,1,1,3,NULL,NULL,NULL,NULL
1,51,576,1,1,3,NULL,NULL,NULL,NULL
1,52,576,1,1,3,-264088,-264149,-2296,1202
1,53,576,1,1,3,-225337,-225269,-2220,2046
1,54,576,1,1,3,-258899,-258774,-2227,2633
1,55,576,1,1,3,NULL,NULL,NULL,NULL
1,56,576,1,1,3,NULL,NULL,NULL,NULL
1,57,576,1,1,3,NULL,NULL,NULL,NULL
1,58,576,1,1,3,-270673,-270798,2272,1136
1,59,576,1,1,3,-227573,-227522,2240,2021
1,60,576,1,1,3,NULL,NULL,NULL,NULL
1,61,576,1,1,3,-226371,-226453,748.8,2676
1,62,576,1,1,3,-270581,-270617,655.3,2098
1,63,576,1,1,3,-270622,-270589,675.9,1248
1,64,576,1,1,3,-270689,-270580,11.08,-1282
1,65,576,1,1,3,NULL,NULL,NULL,NULL
1,66,576,1,1,3,-270715,-270655,523.1,-2729
1,67,576,1,1,3,-270335,-270818,-2098,-2696
1,68,576,1,1,3,-270697,-270708,-2070,-2087
1,69,576,1,1,3,NULL,NULL,NULL,NULL
1,70,576,1,1,3,-270617,-270764,-2099,1124
1,71,576,1,1,3,-270641,-270727,-2070,2071
1,72,576,1,1,3,NULL,NULL,NULL,NULL
1,73,576,1,1,3,-270897,-270918,2197,-2737
1,74,576,1,1,3,NULL,NULL,NULL,NULL
1,75,576,1,1,3,-270846,-270929,2227,-1414
1,76,576,1,1,3,-270826,-270961,2118,1013
1,77,576,1,1,3,NULL,NULL,NULL,NULL
1,78,576,1,1,3,-270826,-270836,2263,2548
1,79,576,1,1,3,-270908,-270765,591.3,2627
1,80,576,1,1,3,NULL,NULL,NULL,NULL
1,81,576,1,1,3,-270674,-270926,-468.7,1098
1,82,576,1,1,3,NULL,NULL,NULL,NULL
1,83,576,1,1,3,NULL,NULL,NULL,NULL
1,84,576,1,1,3,-227082,-226826,-102.4,-2760
1,85,576,1,1,3,NULL,NULL,NULL,NULL
1,86,576,1,1,3,NULL,NULL,NULL,NULL
1,87,576,1,1,3,-270545,-270630,-2130,-1392
1,88,576,1,1,3,-270443,-270471,-2224,1040
1,89,576,1,1,3,NULL,NULL,NULL,NULL
1,90,576,1,1,3,NULL,NULL,NULL,NULL
1,91,576,1,1,3,NULL,NULL,NULL,NULL
1,92,576,1,1,3,-270701,-270643,2195,-1989
1,93,576,1,1,3,-270675,-270708,2147,-1116
1,94,576,1,1,3,NULL,NULL,NULL,NULL
1,95,576,1,1,3,-232418,-232361,2256,2086
1,96,576,1,1,3,-270576,-270686,2229,2677
1,97,576,1,1,3,NULL,NULL,NULL,NULL
1,98,576,1,1,3,-270670,-270693,557.7,2069
1,99,576,1,1,3,-270713,-270711,539.7,1187
1,100,576,1,1,3,NULL,NULL,NULL,NULL
1,101,576,1,1,3,-228160,-227974,-217.2,-2074
1,102,576,1,1,3,NULL,NULL,NULL,NULL
1,103,576,1,1,3,NULL,NULL,NULL,NULL
1,104,576,1,1,3,-227649,-227711,-2203,-2076
1,105,576,1,1,3,NULL,NULL,NULL,NULL
1,106,576,1,1,3,NULL,NULL,NULL,NULL
1,107,576,1,1,3,NULL,NULL,NULL,NULL
1,108,576,1,1,3,-270537,-270770,-2168,2672
1,109,576,1,1,3,NULL,NULL,NULL,NULL
1,110,576,1,1,3,NULL,NULL,NULL,NULL
1,112,576,1,1,3,NULL,NULL,NULL,NULL
1,113,576,1,1,3,NULL,NULL,NULL,NULL
1,114,576,1,1,3,-270646,-270580,2146,2579
1,115,576,1,1,3,NULL,NULL,NULL,NULL
1,116,576,1,1,3,NULL,NULL,NULL,NULL
1,117,576,1,1,3,NULL,NULL,NULL,NULL
1,118,576,1,1,3,-226426,-226330,-529.5,-1468
1,119,576,1,1,3,-270679,-270618,-511.1,-2266
1,120,576,1,1,3,-270566,-270698,300.4,-2811
1,121,576,1,1,3,-270809,-270684,-2204,-2836
1,122,576,1,1,3,-270790,-270903,-2247,-2291
1,123,576,1,1,3,NULL,NULL,NULL,NULL
1,124,576,1,1,3,NULL,NULL,NULL,NULL
1,125,576,1,1,3,-270665,-270751,-2172,1988
1,126,576,1,1,3,-270861,-270765,-2145,2529
1,127,576,1,1,3,NULL,NULL,NULL,NULL
1,128,576,1,1,3,NULL,NULL,NULL,NULL
1,129,576,1,1,3,NULL,NULL,NULL,NULL
1,130,576,1,1,3,-270656,-270800,2256,1242
1,131,576,1,1,3,NULL,NULL,NULL,NULL
1,132,576,1,1,3,NULL,NULL,NULL,NULL
1,133,576,1,1,3,NULL,NULL,NULL,NULL
1,134,576,1,1,3,NULL,NULL,NULL,NULL
1,135,576,1,1,3,NULL,NULL,NULL,NULL
1,136,576,1,1,3,NULL,NULL,NULL,NULL
1,137,576,1,1,3,-270575,-270747,-724.4,-1970
1,138,576,1,1,3,-227218,-227152,-150.2,-2638
1,139,576,1,1,3,-270684,-270733,-2253,-2633
1,140,576,1,1,3,-223619,-223744,-2291,-2070
1,141,576,1,1,3,-270843,-270707,-2295,-1162
1,142,576,1,1,3,-270561,-270541,-2213,1188
1,143,576,1,1,3,-226006,-226001,-2214,2074
1,144,576,1,1,3,NULL,NULL,NULL,NULL
1,145,576,1,1,3,-228836,-228931,2202,-2615
1,146,576,1,1,3,-270762,-270831,2102,-2024
1,147,576,1,1,3,NULL,NULL,NULL,NULL
1,148,576,1,1,3,NULL,NULL,NULL,NULL
1,149,576,1,1,3,-270733,-270850,2170,2096
1,150,576,1,1,3,-270717,-270731,2123,2567
1,151,576,1,1,3,NULL,NULL,NULL,NULL
1,152,576,1,1,3,-270658,-270613,-49.66,2102
1,153,576,1,1,3,NULL,NULL,NULL,NULL
1,154,576,1,1,3,-270545,-270804,-609.1,-1084
1,155,576,1,1,3,NULL,NULL,NULL,NULL
1,156,576,1,1,3,NULL,NULL,NULL,NULL
1,157,576,1,1,3,-270640,-270693,-2198,-2568
1,158,576,1,1,3,-270736,-270798,-2273,-1972
1,159,576,1,1,3,NULL,NULL,NULL,NULL
1,160,576,1,1,3,NULL,NULL,NULL,NULL
1,161,576,1,1,3,NULL,NULL,NULL,NULL
1,162,576,1,1,3,NULL,NULL,NULL,NULL
1,163,576,1,1,3,-270586,-270679,2189,-2675
1,164,576,1,1,3,-270496,-270580,2154,-2033
1,165,576,1,1,3,-270712,-270505,2092,-1259
1,166,576,1,1,3,-270647,-270765,2180,1206
1,167,576,1,1,3,-270808,-270674,2303,2127
1,168,576,1,1,3,-270855,-270605,2249,2721
1,169,576,1,1,3,NULL,NULL,NULL,NULL
1,170,576,1,1,3,-226353,-226178,358.4,2088
1,171,576,1,1,3,-265571,-265436,-381,1241
1,172,576,1,1,3,-270879,-270755,-752.6,-1123
1,173,576,1,1,3,-268862,-268548,-668.8,-2046
1,174,576,1,1,3,NULL,NULL,NULL,NULL
1,175,576,1,1,3,NULL,NULL,NULL,NULL
1,176,576,1,1,3,NULL,NULL,NULL,NULL
1,177,576,1,1,3,NULL,NULL,NULL,NULL
1,178,576,1,1,3,-270377,-270590,-2268,1206
1,179,576,1,1,3,-270729,-270561,-2224,2085
1,180,576,1,1,3,NULL,NULL,NULL,NULL
1,181,576,1,1,3,NULL,NULL,NULL,NULL
1,182,576,1,1,3,-270747,-270587,2106,-2110
1,183,576,1,1,3,NULL,NULL,NULL,NULL
1,184,576,1,1,3,NULL,NULL,NULL,NULL
1,185,576,1,1,3,NULL,NULL,NULL,NULL
1,186,576,1,1,3,-270727,-270807,2172,2710
1,187,576,1,1,3,-270633,-270742,-208.5,2634
1,188,576,1,1,3,-270789,-270751,114.2,2116
1,189,576,1,1,3,NULL,NULL,NULL,NULL
1,190,576,1,1,3,-270528,-270628,268.4,-1118
1,191,576,1,1,3,-270660,-270363,-576.6,-2028
1,192,576,1,1,3,-227496,-227462,-392.9,-2617
1,193,576,1,1,3,-270836,-270722,-2175,-2676
1,194,576,1,1,3,-267384,-267426,-2245,-2062
1,195,576,1,1,3,NULL,NULL,NULL,NULL
1,196,576,1,1,3,-224178,-224287,-2260,1196
1,197,576,1,1,3,-270774,-270555,-2213,2007
1,198,576,1,1,3,-270618,-270690,-2178,2639
1,199,576,1,1,3,-270641,-270793,2229,-2676
1,200,576,1,1,3,-226036,-226116,2184,-2060
1,201,576,1,1,3,-227734,-227624,2175,-1184
1,202,576,1,1,3,-270658,-270608,2240,1225
1,203,576,1,1,3,-225619,-225633,2250,2100
1,204,576,1,1,3,NULL,NULL,NULL,NULL
1,205,576,1,1,3,NULL,NULL,NULL,NULL
1,206,576,1,1,3,NULL,NULL,NULL,NULL
1,207,576,1,1,3,-270821,-270754,307.6,1203
1,208,576,1,1,3,NULL,NULL,NULL,NULL
1,209,576,1,1,3,NULL,NULL,NULL,NULL
1,210,576,1,1,3,-266093,-265772,403.7,-2704
1,211,576,1,1,3,NULL,NULL,NULL,NULL
1,212,576,1,1,3,-270722,-270925,-2330,-2142
1,213,576,1,1,3,-226521,-226654,-2286,-1222
1,214,576,1,1,3,NULL,NULL,NULL,NULL
1,215,576,1,1,3,-232717,-232644,-2222,2076
1,216,576,1,1,3,-265899,-265518,-2226,2675
1,217,576,1,1,3,NULL,NULL,NULL,NULL
1,218,576,1,1,3,-270499,-270528,2044,-2186
1,219,576,1,1,3,NULL,NULL,NULL,NULL
1,220,576,1,1,3,-270613,-270553,2121,953.5
1,221,576,1,1,3,NULL,NULL,NULL,NULL
1,222,576,1,1,3,NULL,NULL,NULL,NULL
1,223,576,1,1,3,-227424,-227507,-719.9,2516
1,224,576,1,1,3,-228061,-228380,-707.5,1863
1,225,576,1,1,3,NULL,NULL,NULL,NULL
1,226,576,1,1,3,-270760,-270612,-437.2,-1603
1,227,576,1,1,3,NULL,NULL,NULL,NULL
1,228,576,1,1,3,NULL,NULL,NULL,NULL
1,229,576,1,1,3,NULL,NULL,NULL,NULL
1,230,576,1,1,3,NULL,NULL,NULL,NULL
1,231,576,1,1,3,NULL,NULL,NULL,NULL
1,232,576,1,1,3,-270765,-270665,-2266,856.1
1,233,576,1,1,3,-225162,-225202,-2279,1889
1,234,576,1,1,3,NULL,NULL,NULL,NULL
1,235,576,1,1,3,-270396,-270562,2242,-2663
1,236,576,1,1,3,-270665,-270597,2185,-2121
1,237,576,1,1,3,-270699,-270674,2196,-1156
1,238,576,1,1,3,-270703,-270561,2198,1242
1,239,576,1,1,3,-270514,-270878,2264,2078
1,240,576,1,1,3,NULL,NULL,NULL,NULL
1,241,576,1,1,3,NULL,NULL,NULL,NULL
1,242,576,1,1,3,-270608,-270712,356.6,2107
1,243,576,1,1,3,NULL,NULL,NULL,NULL
1,244,576,1,1,3,-270605,-270561,-220.9,-1271
1,245,576,1,1,3,-270534,-270580,-333.4,-2058
1,246,576,1,1,3,-270775,-270623,-413.2,-2678
1,247,576,1,1,3,NULL,NULL,NULL,NULL
1,248,576,1,1,3,NULL,NULL,NULL,NULL
1,249,576,1,1,3,-270779,-270747,-2172,-1205
1,250,576,1,1,3,NULL,NULL,NULL,NULL
1,251,576,1,1,3,NULL,NULL,NULL,NULL
1,252,576,1,1,3,-232078,-232018,-2202,2667
1,253,576,1,1,3,-270846,-270684,2282,-2553
1,254,576,1,1,3,-270513,-270798,2236,-1960
1,255,576,1,1,3,-270797,-270847,2139,-1073
1,256,576,1,1,3,NULL,NULL,NULL,NULL
1,257,576,1,1,3,-243663,-243899,2213,2197
1,258,576,1,1,3,-230041,-230106,2184,2774
1,259,576,1,1,3,-228387,-228432,115.2,2784
1,260,576,1,1,3,NULL,NULL,NULL,NULL
1,262,576,1,1,3,-232457,-232273,158.1,-971.8
1,263,576,1,1,3,-270722,-270793,330,-1970
1,264,576,1,1,3,NULL,NULL,NULL,NULL
1,265,576,1,1,3,-230633,-230695,-2114,-2617
1,266,576,1,1,3,-270566,-270784,-2160,-1991
1,267,576,1,1,3,-270644,-270618,-2216,-1076
1,268,576,1,1,3,-270746,-270670,-2178,1328
1,269,576,1,1,3,-232826,-232787,-2145,2166
1,270,576,1,1,3,NULL,NULL,NULL,NULL
1,271,576,1,1,3,NULL,NULL,NULL,NULL
1,272,576,1,1,3,-264259,-264014,2109,-2051
1,273,576,1,1,3,-265666,-265820,2176,-1178
1,274,576,1,1,3,NULL,NULL,NULL,NULL
1,275,576,1,1,3,-268635,-268386,2248,2080
1,276,576,1,1,3,-266100,-266295,2247,2667
1,277,576,1,1,3,NULL,NULL,NULL,NULL
1,278,576,1,1,3,NULL,NULL,NULL,NULL
1,279,576,1,1,3,-257833,-257775,-620.6,1162
1,280,576,1,1,3,-229278,-229138,-474.5,-1238
1,281,576,1,1,3,NULL,NULL,NULL,NULL
1,282,576,1,1,3,-255837,-255841,-493.5,-2673
1,283,576,1,1,3,-248989,-248928,-2250,-2662
1,284,576,1,1,3,-244975,-244740,-2306,-2068
1,285,576,1,1,3,-241360,-241225,-2249,-1217
1,286,576,1,1,3,-252442,-252550,-2282,1183
1,287,576,1,1,3,-260815,-260581,-2189,2046
1,288,576,1,1,3,-228886,-228958,-2178,2644
1,289,576,1,1,3,-270893,-270750,2148,-2700
1,290,576,1,1,3,-270523,-270796,2168,-2131
1,291,576,1,1,3,-233300,-233345,2169,-1204
1,292,576,1,1,3,-231074,-231405,2075,1240
1,293,576,1,1,3,-231524,-231749,2073,2094
1,294,576,1,1,3,-270686,-270779,2143,2724
1,295,576,1,1,3,-270893,-270570,-314.2,2657
1,296,576,1,1,3,-231574,-232167,-711.4,2126
1,297,576,1,1,3,-232379,-232557,-694,1295
1,298,576,1,1,3,NULL,NULL,NULL,NULL
1,299,576,1,1,3,-270853,-270947,-262.6,-2038
1,300,576,1,1,3,NULL,NULL,NULL,NULL
1,301,576,1,1,3,-229583,-229628,-2176,-2677
1,302,576,1,1,3,NULL,NULL,NULL,NULL
1,303,576,1,1,3,NULL,NULL,NULL,NULL
1,304,576,1,1,3,NULL,NULL,NULL,NULL
1,305,576,1,1,3,-228977,-229526,-2273,2079
1,306,576,1,1,3,-228314,-229218,-2198,2672
1,307,576,1,1,3,-229487,-229379,2159,-2703
1,308,576,1,1,3,-231394,-231336,2091,-2104
1,309,576,1,1,3,-233091,-233011,2093,-1239
1,310,576,1,1,3,-254254,-254448,2105,1221
1,311,576,1,1,3,-268230,-268050,2210,2090
1,312,576,1,1,3,-270746,-270817,2244,2638
1,313,576,1,1,3,-231796,-231763,352.9,2726
1,314,576,1,1,3,NULL,NULL,NULL,NULL
1,315,576,1,1,3,-230869,-230942,-646.8,1304
1,316,576,1,1,3,-230559,-230482,-689.8,-1150
1,317,576,1,1,3,-229973,-229889,-707.7,-2051
1,318,576,1,1,3,NULL,NULL,NULL,NULL
1,319,576,1,1,3,-228290,-228373,-2224,-2688
1,320,576,1,1,3,NULL,NULL,NULL,NULL
1,321,576,1,1,3,-229607,-229652,-2283,-1217
1,322,576,1,1,3,-248888,-249079,-2269,1243
1,323,576,1,1,3,-229266,-229906,-2171,2098
1,324,576,1,1,3,-231791,-232383,-2165,2698
1,325,576,1,1,3,NULL,NULL,NULL,NULL
1,326,576,1,1,3,-255066,-255109,2223,-2203
1,327,576,1,1,3,-270037,-269677,2208,-1374
1,328,576,1,1,3,NULL,NULL,NULL,NULL
1,329,576,1,1,3,NULL,NULL,NULL,NULL
1,330,576,1,1,3,-229066,-229365,2191,2663
1,331,576,1,1,3,-231643,-232535,259.7,2677
1,332,576,1,1,3,-229768,-230248,327.8,2053
1,333,576,1,1,3,-231925,-231792,393.2,1128
1,334,576,1,1,3,-270658,-270676,483.4,-1336
1,335,576,1,1,3,NULL,NULL,NULL,NULL
1,336,576,1,1,3,-248543,-248667,187.2,-2783
1,337,576,1,1,3,-270812,-270698,-2236,-2820
1,338,576,1,1,3,-270750,-270817,-2084,-2214
1,339,576,1,1,3,NULL,NULL,NULL,NULL
1,340,576,1,1,3,-270803,-270609,-2155,1075
1,341,576,1,1,3,-234762,-235022,-2153,2031
1,342,576,1,1,3,-232491,-233538,-2163,2658
1,343,576,1,1,3,-229231,-229280,2160,-2699
1,344,576,1,1,3,-231815,-231947,2078,-2099
1,345,576,1,1,3,-231581,-231472,2078,-1231
1,346,576,1,1,3,-233451,-233645,2179,1228
1,347,576,1,1,3,-233460,-233488,2180,2096
1,348,576,1,1,3,-235645,-236885,2182,2697
1,349,576,1,1,3,NULL,NULL,NULL,NULL
1,350,576,1,1,3,-270807,-270508,-381.2,2173
1,351,576,1,1,3,-231900,-231746,-329.6,1294
1,352,576,1,1,3,-270798,-270755,-752,-1171
1,353,576,1,1,3,-230296,-230312,-770.9,-2058
1,354,576,1,1,3,NULL,NULL,NULL,NULL
1,355,576,1,1,3,NULL,NULL,NULL,NULL
1,356,576,1,1,3,-270803,-270651,-2275,-2101
1,357,576,1,1,3,-270537,-270419,-2309,-1266
1,358,576,1,1,3,NULL,NULL,NULL,NULL
1,359,576,1,1,3,NULL,NULL,NULL,NULL
1,360,576,1,1,3,-232099,-232052,-2217,2695
1,361,576,1,1,3,-227409,-227672,2225,-2639
1,362,576,1,1,3,NULL,NULL,NULL,NULL
1,363,576,1,1,3,-227681,-227682,2217,-1190
1,364,576,1,1,3,-270760,-270751,2191,1258
1,365,576,1,1,3,-270817,-270789,2212,2085
1,366,576,1,1,3,-270788,-270575,2147,2600
1,367,576,1,1,3,-228611,-228619,-218.6,2676
1,368,576,1,1,3,-227977,-227769,187.3,2088
1,369,576,1,1,3,-228052,-227985,-55.38,1268
1,370,576,1,1,3,-270779,-270676,323.1,-1076
1,371,576,1,1,3,NULL,NULL,NULL,NULL
1,372,576,1,1,3,NULL,NULL,NULL,NULL
1,373,576,1,1,3,NULL,NULL,NULL,NULL
1,374,576,1,1,3,-229463,-229576,-2241,-2053
1,375,576,1,1,3,NULL,NULL,NULL,NULL
1,376,576,1,1,3,NULL,NULL,NULL,NULL
1,377,576,1,1,3,-270723,-270561,-2226,2031
1,378,576,1,1,3,NULL,NULL,NULL,NULL
1,379,576,1,1,3,NULL,NULL,NULL,NULL
1,380,576,1,1,3,-230038,-230107,2203,-2210
1,381,576,1,1,3,-230170,-230332,2230,-1403
1,382,576,1,1,3,-270840,-270802,2169,1076
1,383,576,1,1,3,-270614,-270811,2282,2038
1,384,576,1,1,3,-230028,-230770,2298,2631
1,385,576,1,1,3,-232646,-232945,777.6,2675
1,386,576,1,1,3,NULL,NULL,NULL,NULL
1,387,576,1,1,3,-231102,-231085,-227.4,1154
1,388,576,1,1,3,-227750,-227735,487.6,-1315
1,389,576,1,1,3,NULL,NULL,NULL,NULL
1,390,576,1,1,3,NULL,NULL,NULL,NULL
1,391,576,1,1,3,NULL,NULL,NULL,NULL
1,392,576,1,1,3,-270640,-270646,-2217,-2193
1,393,576,1,1,3,-270768,-270854,-2195,-1381
1,394,576,1,1,3,NULL,NULL,NULL,NULL
1,395,576,1,1,3,-229150,-229662,-2140,2034
1,396,576,1,1,3,-270660,-270420,-2080,2666
1,397,576,1,1,3,-270651,-270482,2120,-2802
1,398,576,1,1,3,NULL,NULL,NULL,NULL
1,400,576,1,1,3,-226591,-226728,2094,999.7
1,401,576,1,1,3,NULL,NULL,NULL,NULL
1,402,576,1,1,3,-226541,-227101,2152,2604
1,403,576,1,1,3,-270741,-270729,-459.3,2595
1,404,576,1,1,3,-270804,-270775,-359.9,1899
1,405,576,1,1,3,-227589,-227464,-654.1,886.5
1,406,576,1,1,3,-270396,-270808,-272.2,-1501
1,407,576,1,1,3,NULL,NULL,NULL,NULL
1,408,576,1,1,3,-270636,-270683,-136.3,-2814
1,409,576,1,1,3,-228622,-228574,-2194,-2818
1,410,576,1,1,3,-225131,-225082,-2281,-2253
1,411,576,1,1,3,-270622,-270609,-2190,-1466
1,412,576,1,1,3,NULL,NULL,NULL,NULL
1,413,576,1,1,3,NULL,NULL,NULL,NULL
1,414,576,1,1,3,NULL,NULL,NULL,NULL
1,415,576,1,1,3,NULL,NULL,NULL,NULL
1,416,576,1,1,3,-226265,-226568,2145,-2014
1,417,576,1,1,3,-270750,-270637,2276,-1144
1,418,576,1,1,3,NULL,NULL,NULL,NULL
1,419,576,1,1,3,NULL,NULL,NULL,NULL
1,420,576,1,1,3,NULL,NULL,NULL,NULL
1,421,576,1,1,3,NULL,NULL,NULL,NULL
1,422,576,1,1,3,NULL,NULL,NULL,NULL
1,423,576,1,1,3,NULL,NULL,NULL,NULL
1,424,576,1,1,3,NULL,NULL,NULL,NULL
1,425,576,1,1,3,NULL,NULL,NULL,NULL
1,426,576,1,1,3,-225896,-225838,481.1,-2575
1,427,576,1,1,3,NULL,NULL,NULL,NULL
1,428,576,1,1,3,-226412,-226271,-2213,-2021
1,429,576,1,1,3,NULL,NULL,NULL,NULL
1,430,576,1,1,3,-225829,-225877,-2140,1193
1,431,576,1,1,3,-226697,-226715,-2148,2031
1,432,576,1,1,3,-227640,-227962,-2161,2619
1,433,576,1,1,3,-229873,-229988,2208,-2627
1,434,576,1,1,3,-227969,-228137,2144,-2036
1,435,576,1,1,3,NULL,NULL,NULL,NULL
1,436,576,1,1,3,-228156,-228075,2122,1209
1,437,576,1,1,3,-226622,-226380,2128,2051
1,438,576,1,1,3,-270566,-270760,2195,2628
1,439,576,1,1,3,NULL,NULL,NULL,NULL
1,440,576,1,1,3,NULL,NULL,NULL,NULL
1,441,576,1,1,3,-227137,-227094,-601,1142
1,442,576,1,1,3,NULL,NULL,NULL,NULL
1,443,576,1,1,3,-227921,-227600,-524.5,-2074
1,444,576,1,1,3,NULL,NULL,NULL,NULL
1,445,576,1,1,3,-270827,-270698,-2151,-2629
1,446,576,1,1,3,-228557,-228505,-2243,-2044
1,447,576,1,1,3,NULL,NULL,NULL,NULL
1,448,576,1,1,3,-270847,-270751,-2321,1203
1,449,576,1,1,3,NULL,NULL,NULL,NULL
1,450,576,1,1,3,-228211,-228538,-2203,2630
1,451,576,1,1,3,-270585,-270694,2162,-2657
1,452,576,1,1,3,-229847,-229908,2125,-2054
1,453,576,1,1,3,-229260,-229436,2154,-1183
1,454,576,1,1,3,-230526,-230610,2083,1240
1,455,576,1,1,3,-231127,-230765,2143,2086
1,456,576,1,1,3,-230463,-230526,2124,2679
1,457,576,1,1,3,-232639,-232674,-8.653,2696
1,458,576,1,1,3,-229317,-229138,332.9,2109
1,459,576,1,1,3,-270255,-270170,-441.4,1265
1,460,576,1,1,3,-230147,-230133,390.2,-1141
1,461,576,1,1,3,NULL,NULL,NULL,NULL
1,462,576,1,1,3,-231696,-231473,320.9,-2637
1,463,576,1,1,3,-230074,-230085,-2104,-2658
1,464,576,1,1,3,-230716,-230746,-2094,-1199
1,465,576,1,1,3,NULL,NULL,NULL,NULL
1,466,576,1,1,3,-233696,-233513,-2163,1221
1,467,576,1,1,3,-233610,-233833,-2104,2073
1,468,576,1,1,3,-270722,-270729,-2146,2701
1,469,576,1,1,3,-230231,-230188,2410,-2725
1,470,576,1,1,3,-230424,-230419,2380,-2108
1,471,576,1,1,3,-229183,-229174,2344,-1207
1,472,576,1,1,3,NULL,NULL,NULL,NULL
1,473,576,1,1,3,NULL,NULL,NULL,NULL
1,474,576,1,1,3,-270911,-270868,2312,2781
1,475,576,1,1,3,-228050,-228202,840.3,2735
1,476,576,1,1,3,NULL,NULL,NULL,NULL
1,477,576,1,1,3,-229045,-228822,727.7,1242
1,478,576,1,1,3,-230816,-230524,818.1,-1253
1,479,576,1,1,3,-270617,-270665,896.6,-2080
1,480,576,1,1,3,NULL,NULL,NULL,NULL
1,481,576,1,1,3,-228262,-228558,-1985,-2729
1,482,576,1,1,3,-228739,-228704,-2020,-2108
1,483,576,1,1,3,NULL,NULL,NULL,NULL
1,484,576,1,1,3,NULL,NULL,NULL,NULL
1,485,576,1,1,3,-228802,-228946,-2035,2148
1,486,576,1,1,3,-229606,-229747,-2062,2750
1,487,576,1,1,3,NULL,NULL,NULL,NULL
1,488,576,1,1,3,-230170,-230024,2140,-2105
1,489,576,1,1,3,-231273,-231107,2225,-1218
1,490,576,1,1,3,-231398,-231519,2217,1272
1,491,576,1,1,3,-232140,-232571,2185,2138
1,492,576,1,1,3,-232171,-232239,2195,2743
1,493,576,1,1,3,-270965,-270855,-157.7,2682
1,494,576,1,1,3,-270831,-270793,-303.6,2106
1,495,576,1,1,3,NULL,NULL,NULL,NULL
1,496,576,1,1,3,NULL,NULL,NULL,NULL
1,497,576,1,1,3,-270770,-270904,-525.5,-2178
1,498,576,1,1,3,-228031,-228090,401.9,-2747
1,499,576,1,1,3,-269262,-269484,-2180,-2718
1,500,576,1,1,3,-229646,-229572,-2257,-2109
1,501,576,1,1,3,NULL,NULL,NULL,NULL
1,502,576,1,1,3,NULL,NULL,NULL,NULL
1,503,576,1,1,3,-230959,-230886,-2213,2130
1,504,576,1,1,3,-231554,-231371,-2209,2735
1,505,576,1,1,3,NULL,NULL,NULL,NULL
1,506,576,1,1,3,-230718,-230694,2124,-2132
1,507,576,1,1,3,-230314,-230511,2098,-1261
1,508,576,1,1,3,-230407,-230364,2207,1229
1,509,576,1,1,3,NULL,NULL,NULL,NULL
1,510,576,1,1,3,NULL,NULL,NULL,NULL
1,511,576,1,1,3,-228579,-228823,403.8,2769
1,512,576,1,1,3,-229075,-229062,-466.2,2172
1,513,576,1,1,3,NULL,NULL,NULL,NULL
1,514,576,1,1,3,-270779,-270627,-769.3,-1174
1,515,576,1,1,3,-270387,-270538,-659.9,-2056
1,516,576,1,1,3,-229031,-229081,-535.2,-2693
1,517,576,1,1,3,NULL,NULL,NULL,NULL
1,518,576,1,1,3,NULL,NULL,NULL,NULL
1,519,576,1,1,3,-270850,-270783,-2310,-1272
1,520,576,1,1,3,-227240,-227396,-2196,1269
1,521,576,1,1,3,-230959,-231383,-2241,2136
1,522,576,1,1,3,-270660,-270765,-2148,2694
1,523,576,1,1,3,NULL,NULL,NULL,NULL
1,524,576,1,1,3,-229031,-229167,2143,-2073
1,525,576,1,1,3,NULL,NULL,NULL,NULL
1,526,576,1,1,3,-270754,-270491,2177,1174
1,527,576,1,1,3,-229098,-229345,2189,2064
1,528,576,1,1,3,-230954,-232188,2178,2663
1,529,576,1,1,3,-230079,-230848,-478.6,2689
1,530,576,1,1,3,NULL,NULL,NULL,NULL
1,531,576,1,1,3,-229057,-229073,-267,1256
1,532,576,1,1,3,NULL,NULL,NULL,NULL
1,533,576,1,1,3,NULL,NULL,NULL,NULL
1,534,576,1,1,3,-270882,-270828,236.7,-2611
1,535,576,1,1,3,-227819,-227802,-2192,-2650
1,536,576,1,1,3,-229880,-229752,-2270,-2047
1,537,576,1,1,3,-230075,-230153,-2290,-1174
1,538,576,1,1,3,NULL,NULL,NULL,NULL
1,539,576,1,1,3,-229836,-230021,-2231,2082
1,540,576,1,1,3,-270829,-270731,-2262,2673
1,541,576,1,1,3,NULL,NULL,NULL,NULL
1,542,576,1,1,3,-227363,-227336,2095,-2211
1,543,576,1,1,3,-227690,-227817,2076,-1410
1,544,576,1,1,3,NULL,NULL,NULL,NULL
1,545,576,1,1,3,-227119,-227309,2135,2000
1,546,576,1,1,3,-226667,-226723,2123,2628
1,547,576,1,1,3,-270931,-270811,-520.2,2628
1,548,576,1,1,3,-256660,-256670,-446.9,1964
1,549,576,1,1,3,-226269,-226339,-746.2,982.2
1,550,576,1,1,3,NULL,NULL,NULL,NULL
1,551,576,1,1,3,-226019,-225965,-648.7,-2238
1,552,576,1,1,3,-270897,-271022,-128.2,-2874
1,553,576,1,1,3,-229453,-229605,-2178,-2796
1,554,576,1,1,3,-228132,-228139,-2258,-2210
1,555,576,1,1,3,-270897,-270589,-2306,-1469
1,556,576,1,1,3,-226608,-226802,-2291,1031
1,557,576,1,1,3,NULL,NULL,NULL,NULL
1,558,576,1,1,3,-270199,-270123,-2241,2617
1,559,576,1,1,3,-270764,-270886,2402,-2639
1,560,576,1,1,3,-232145,-232119,2316,-2042
1,561,576,1,1,3,-231093,-231210,2314,-1163
1,562,576,1,1,3,NULL,NULL,NULL,NULL
1,563,576,1,1,3,-234604,-234568,2382,2094
1,564,576,1,1,3,-232836,-233102,2376,2688
1,565,576,1,1,3,-268706,-268621,864.3,2654
1,566,576,1,1,3,-231283,-231366,869.6,2056
1,567,576,1,1,3,NULL,NULL,NULL,NULL
1,568,576,1,1,3,-265850,-265731,673,-1223
1,569,576,1,1,3,-232630,-232662,685,-2074
1,570,576,1,1,3,-231800,-232073,943.5,-2674
1,571,576,1,1,3,-232695,-232844,-2034,-2668
1,572,576,1,1,3,-233262,-233279,-2121,-2080
1,573,576,1,1,3,-232732,-232621,-2120,-1218
1,574,576,1,1,3,-233853,-233774,-2045,1192
1,575,576,1,1,3,-235264,-235371,-2056,2059
1,576,576,1,1,3,-267632,-267909,-2065,2653
1,1,576,2,1,4,NULL,NULL,NULL,NULL
1,2,576,2,1,4,NULL,NULL,NULL,NULL
1,3,576,2,1,4,NULL,NULL,NULL,NULL
1,4,576,2,1,4,-227798,-241870,2222,1206
1,5,576,2,1,4,-224786,-225059,2310,2046
1,6,576,2,1,4,NULL,NULL,NULL,NULL
1,7,576,2,1,4,-224338,-226064,880.2,2596
1,8,576,2,1,4,NULL,NULL,NULL,NULL
1,9,576,2,1,4,-269647,-270788,-284.4,1169
1,10,576,2,1,4,NULL,NULL,NULL,NULL
1,11,576,2,1,4,-226689,-226716,835.7,-2072
1,12,576,2,1,4,NULL,NULL,NULL,NULL
1,13,576,2,1,4,NULL,NULL,NULL,NULL
1,14,576,2,1,4,-225131,-225295,-2011,-2033
1,15,576,2,1,4,NULL,NULL,NULL,NULL
1,16,576,2,1,4,-225961,-226021,-2100,1205
1,17,576,2,1,4,NULL,NULL,NULL,NULL
1,18,576,2,1,4,-224630,-226366,-2005,2628
1,19,576,2,1,4,NULL,NULL,NULL,NULL
1,20,576,2,1,4,-224433,-260986,2282,-2055
1,21,576,2,1,4,-224976,-232601,2286,-1200
1,22,576,2,1,4,-225357,-225454,2311,1209
1,23,576,2,1,4,-270704,-270859,2241,2157
1,24,576,2,1,4,-225202,-225272,2375,2651
1,25,576,2,1,4,-224709,-224493,976.1,2619
1,26,576,2,1,4,-270727,-270623,720.7,2129
1,27,576,2,1,4,NULL,NULL,NULL,NULL
1,28,576,2,1,4,-223542,-223579,706.5,-1258
1,29,576,2,1,4,NULL,NULL,NULL,NULL
1,30,576,2,1,4,-245746,-268820,831.2,-2672
1,31,576,2,1,4,NULL,NULL,NULL,NULL
1,32,576,2,1,4,-223071,-223103,-2075,-2077
1,33,576,2,1,4,NULL,NULL,NULL,NULL
1,34,576,2,1,4,-222857,-222872,-2046,1165
1,35,576,2,1,4,-223335,-223287,-1981,2032
1,36,576,2,1,4,-223682,-223788,-1982,2626
1,37,576,2,1,4,NULL,NULL,NULL,NULL
1,38,576,2,1,4,-226451,-255145,2197,-2080
1,39,576,2,1,4,-227813,-227789,2204,-1248
1,40,576,2,1,4,NULL,NULL,NULL,NULL
1,41,576,2,1,4,NULL,NULL,NULL,NULL
1,42,576,2,1,4,NULL,NULL,NULL,NULL
1,43,576,2,1,4,-224646,-224535,-218.7,2642
1,44,576,2,1,4,NULL,NULL,NULL,NULL
1,45,576,2,1,4,NULL,NULL,NULL,NULL
1,46,576,2,1,4,NULL,NULL,NULL,NULL
1,47,576,2,1,4,-229559,-268019,-277.7,-2040
1,48,576,2,1,4,-236864,-270665,-191.4,-2631
1,49,576,2,1,4,NULL,NULL,NULL,NULL
1,50,576,2,1,4,NULL,NULL,NULL,NULL
1,51,576,2,1,4,NULL,NULL,NULL,NULL
1,52,576,2,1,4,-223682,-245255,-2241,1214
1,53,576,2,1,4,-223674,-225819,-2314,2054
1,54,576,2,1,4,-224044,-259737,-2233,2642
1,55,576,2,1,4,-270884,-270679,2040,-2624
1,56,576,2,1,4,NULL,NULL,NULL,NULL
1,57,576,2,1,4,NULL,NULL,NULL,NULL
1,58,576,2,1,4,NULL,NULL,NULL,NULL
1,59,576,2,1,4,-227771,-227673,2222,2008
1,60,576,2,1,4,NULL,NULL,NULL,NULL
1,61,576,2,1,4,NULL,NULL,NULL,NULL
1,62,576,2,1,4,NULL,NULL,NULL,NULL
1,63,576,2,1,4,NULL,NULL,NULL,NULL
1,64,576,2,1,4,NULL,NULL,NULL,NULL
1,65,576,2,1,4,-270804,-270937,-819.2,-2054
1,66,576,2,1,4,-270610,-270816,-795.2,-2639
1,67,576,2,1,4,NULL,NULL,NULL,NULL
1,68,576,2,1,4,NULL,NULL,NULL,NULL
1,69,576,2,1,4,NULL,NULL,NULL,NULL
1,70,576,2,1,4,NULL,NULL,NULL,NULL
1,71,576,2,1,4,NULL,NULL,NULL,NULL
1,72,576,2,1,4,-270616,-270929,-2377,2778
1,73,576,2,1,4,NULL,NULL,NULL,NULL
1,74,576,2,1,4,-270685,-270715,1981,-2014
1,75,576,2,1,4,-270889,-270912,1991,-1138
1,76,576,2,1,4,-270779,-270840,2112,1355
1,77,576,2,1,4,NULL,NULL,NULL,NULL
1,78,576,2,1,4,NULL,NULL,NULL,NULL
1,79,576,2,1,4,NULL,NULL,NULL,NULL
1,80,576,2,1,4,NULL,NULL,NULL,NULL
1,81,576,2,1,4,-270726,-270364,-704,1370
1,82,576,2,1,4,NULL,NULL,NULL,NULL
1,83,576,2,1,4,NULL,NULL,NULL,NULL
1,84,576,2,1,4,NULL,NULL,NULL,NULL
1,85,576,2,1,4,NULL,NULL,NULL,NULL
1,86,576,2,1,4,-270783,-270655,-2372,-2075
1,87,576,2,1,4,-250512,-270264,-2330,-1184
1,88,576,2,1,4,NULL,NULL,NULL,NULL
1,89,576,2,1,4,NULL,NULL,NULL,NULL
1,90,576,2,1,4,NULL,NULL,NULL,NULL
1,91,576,2,1,4,-270775,-270636,2102,-2702
1,92,576,2,1,4,-270746,-270869,2186,-2106
1,93,576,2,1,4,NULL,NULL,NULL,NULL
1,94,576,2,1,4,NULL,NULL,NULL,NULL
1,95,576,2,1,4,-232820,-232824,2463,2095
1,96,576,2,1,4,NULL,NULL,NULL,NULL
1,97,576,2,1,4,NULL,NULL,NULL,NULL
1,98,576,2,1,4,-270741,-270802,618.8,2019
1,99,576,2,1,4,NULL,NULL,NULL,NULL
1,100,576,2,1,4,NULL,NULL,NULL,NULL
1,101,576,2,1,4,-227930,-228043,918.7,-2068
1,102,576,2,1,4,NULL,NULL,NULL,NULL
1,103,576,2,1,4,NULL,NULL,NULL,NULL
1,104,576,2,1,4,-227570,-227624,-2035,-2097
1,105,576,2,1,4,NULL,NULL,NULL,NULL
1,106,576,2,1,4,NULL,NULL,NULL,NULL
1,107,576,2,1,4,NULL,NULL,NULL,NULL
1,108,576,2,1,4,NULL,NULL,NULL,NULL
1,109,576,2,1,4,-270722,-270804,2407,-2574
1,110,576,2,1,4,-270893,-270782,2325,-2036
1,111,576,2,1,4,NULL,NULL,NULL,NULL
1,112,576,2,1,4,NULL,NULL,NULL,NULL
1,113,576,2,1,4,NULL,NULL,NULL,NULL
1,114,576,2,1,4,-270717,-270660,2424,2662
1,115,576,2,1,4,-270737,-270874,1036,2696
1,116,576,2,1,4,NULL,NULL,NULL,NULL
1,117,576,2,1,4,-270528,-270646,915.9,1252
1,118,576,2,1,4,-226649,-226682,-882.5,-1260
1,119,576,2,1,4,NULL,NULL,NULL,NULL
1,120,576,2,1,4,-270694,-270758,1048,-2548
1,121,576,2,1,4,-270802,-270851,-1986,-2550
1,122,576,2,1,4,-270818,-270651,-2055,-2060
1,123,576,2,1,4,NULL,NULL,NULL,NULL
1,124,576,2,1,4,-270510,-270651,-2026,1152
1,125,576,2,1,4,-270788,-270714,-1889,2023
1,126,576,2,1,4,NULL,NULL,NULL,NULL
1,127,576,2,1,4,-270779,-270757,2025,-2689
1,128,576,2,1,4,-268150,-270330,2149,-2112
1,129,576,2,1,4,NULL,NULL,NULL,NULL
1,130,576,2,1,4,NULL,NULL,NULL,NULL
1,131,576,2,1,4,-270831,-270718,1988,2122
1,132,576,2,1,4,-270764,-270598,2071,2642
1,133,576,2,1,4,-225666,-225511,112.6,2703
1,134,576,2,1,4,NULL,NULL,NULL,NULL
1,135,576,2,1,4,-225724,-226228,408.7,1213
1,136,576,2,1,4,-270665,-270584,-835.2,-1189
1,137,576,2,1,4,NULL,NULL,NULL,NULL
1,138,576,2,1,4,-226479,-228287,589.5,-2724
1,139,576,2,1,4,NULL,NULL,NULL,NULL
1,140,576,2,1,4,-223791,-224048,-2207,-2092
1,141,576,2,1,4,NULL,NULL,NULL,NULL
1,142,576,2,1,4,NULL,NULL,NULL,NULL
1,143,576,2,1,4,-225602,-226126,-2203,2121
1,144,576,2,1,4,-225603,-229486,-2217,2723
1,145,576,2,1,4,-229004,-229055,2162,-2732
1,146,576,2,1,4,NULL,NULL,NULL,NULL
1,147,576,2,1,4,NULL,NULL,NULL,NULL
1,148,576,2,1,4,-270638,-270751,2297,1251
1,149,576,2,1,4,-270503,-270608,2487,2142
1,150,576,2,1,4,-270846,-270740,2334,2677
1,151,576,2,1,4,NULL,NULL,NULL,NULL
1,152,576,2,1,4,-270750,-270576,1084,2092
1,153,576,2,1,4,NULL,NULL,NULL,NULL
1,154,576,2,1,4,NULL,NULL,NULL,NULL
1,155,576,2,1,4,NULL,NULL,NULL,NULL
1,156,576,2,1,4,-270798,-270756,1004,-2713
1,157,576,2,1,4,NULL,NULL,NULL,NULL
1,158,576,2,1,4,-270811,-270660,-2052,-2070
1,159,576,2,1,4,-270731,-270807,-2060,-1217
1,160,576,2,1,4,-270712,-270797,-2027,1270
1,161,576,2,1,4,NULL,NULL,NULL,NULL
1,162,576,2,1,4,NULL,NULL,NULL,NULL
1,163,576,2,1,4,NULL,NULL,NULL,NULL
1,164,576,2,1,4,NULL,NULL,NULL,NULL
1,165,576,2,1,4,-270746,-270621,1959,-1328
1,166,576,2,1,4,NULL,NULL,NULL,NULL
1,167,576,2,1,4,NULL,NULL,NULL,NULL
1,168,576,2,1,4,-270868,-270898,1994,2652
1,169,576,2,1,4,-270561,-270736,-962.6,2638
1,170,576,2,1,4,NULL,NULL,NULL,NULL
1,171,576,2,1,4,NULL,NULL,NULL,NULL
1,172,576,2,1,4,NULL,NULL,NULL,NULL
1,173,576,2,1,4,NULL,NULL,NULL,NULL
1,174,576,2,1,4,-270817,-270712,-780,-2785
1,175,576,2,1,4,NULL,NULL,NULL,NULL
1,176,576,2,1,4,-227037,-270210,-2323,-2095
1,177,576,2,1,4,-270670,-270817,-2407,-1337
1,178,576,2,1,4,NULL,NULL,NULL,NULL
1,179,576,2,1,4,NULL,NULL,NULL,NULL
1,180,576,2,1,4,-270860,-270644,-2407,2638
1,181,576,2,1,4,NULL,NULL,NULL,NULL
1,182,576,2,1,4,NULL,NULL,NULL,NULL
1,183,576,2,1,4,NULL,NULL,NULL,NULL
1,184,576,2,1,4,-270756,-270839,2142,1123
1,185,576,2,1,4,-270818,-270840,2213,2030
1,186,576,2,1,4,NULL,NULL,NULL,NULL
1,187,576,2,1,4,NULL,NULL,NULL,NULL
1,188,576,2,1,4,-270779,-270485,-288.3,1963
1,189,576,2,1,4,-270442,-270840,-721.4,1147
1,190,576,2,1,4,NULL,NULL,NULL,NULL
1,191,576,2,1,4,-269999,-270626,263.5,-2108
1,192,576,2,1,4,-227466,-228194,978.7,-2700
1,193,576,2,1,4,-270660,-270793,-2196,-2565
1,194,576,2,1,4,-226519,-260316,-2118,-2059
1,195,576,2,1,4,NULL,NULL,NULL,NULL
1,196,576,2,1,4,-224103,-224475,-2128,1243
1,197,576,2,1,4,NULL,NULL,NULL,NULL
1,198,576,2,1,4,NULL,NULL,NULL,NULL
1,199,576,2,1,4,NULL,NULL,NULL,NULL
1,200,576,2,1,4,-226077,-226092,2214,-2098
1,201,576,2,1,4,-227933,-227913,2214,-1233
1,202,576,2,1,4,NULL,NULL,NULL,NULL
1,203,576,2,1,4,-225516,-225465,2296,2087
1,204,576,2,1,4,NULL,NULL,NULL,NULL
1,205,576,2,1,4,NULL,NULL,NULL,NULL
1,206,576,2,1,4,NULL,NULL,NULL,NULL
1,207,576,2,1,4,NULL,NULL,NULL,NULL
1,208,576,2,1,4,NULL,NULL,NULL,NULL
1,209,576,2,1,4,-270040,-270247,698.4,-2046
1,210,576,2,1,4,-227416,-265809,667.7,-2665
1,211,576,2,1,4,-228100,-262185,-2095,-2694
1,212,576,2,1,4,NULL,NULL,NULL,NULL
1,213,576,2,1,4,-226861,-226997,-2197,-1214
1,214,576,2,1,4,-227479,-227573,-2179,1228
1,215,576,2,1,4,-229130,-232869,-2109,2090
1,216,576,2,1,4,-230603,-256862,-2086,2698
1,217,576,2,1,4,NULL,NULL,NULL,NULL
1,218,576,2,1,4,-270790,-270690,2145,-2186
1,219,576,2,1,4,NULL,NULL,NULL,NULL
1,220,576,2,1,4,-270302,-270644,2093,1033
1,221,576,2,1,4,-270658,-270509,2229,1989
1,222,576,2,1,4,-270769,-270570,2230,2668
1,223,576,2,1,4,-226536,-227706,1009,2682
1,224,576,2,1,4,-228730,-228915,1013,2097
1,225,576,2,1,4,NULL,NULL,NULL,NULL
1,226,576,2,1,4,NULL,NULL,NULL,NULL
1,227,576,2,1,4,NULL,NULL,NULL,NULL
1,228,576,2,1,4,NULL,NULL,NULL,NULL
1,229,576,2,1,4,-270609,-270662,-2241,-2749
1,230,576,2,1,4,NULL,NULL,NULL,NULL
1,231,576,2,1,4,NULL,NULL,NULL,NULL
1,232,576,2,1,4,NULL,NULL,NULL,NULL
1,233,576,2,1,4,-225499,-225530,-1974,2062
1,234,576,2,1,4,-270760,-270740,-2162,2607
1,235,576,2,1,4,-270741,-270703,2177,-2745
1,236,576,2,1,4,NULL,NULL,NULL,NULL
1,237,576,2,1,4,-270765,-270662,2235,-1398
1,238,576,2,1,4,NULL,NULL,NULL,NULL
1,239,576,2,1,4,NULL,NULL,NULL,NULL
1,240,576,2,1,4,NULL,NULL,NULL,NULL
1,241,576,2,1,4,-270761,-270712,-378.9,2631
1,242,576,2,1,4,NULL,NULL,NULL,NULL
1,243,576,2,1,4,NULL,NULL,NULL,NULL
1,244,576,2,1,4,-270626,-270660,376.1,-1416
1,245,576,2,1,4,NULL,NULL,NULL,NULL
1,246,576,2,1,4,NULL,NULL,NULL,NULL
1,247,576,2,1,4,-270898,-270528,-2187,-2842
1,248,576,2,1,4,NULL,NULL,NULL,NULL
1,249,576,2,1,4,NULL,NULL,NULL,NULL
1,250,576,2,1,4,NULL,NULL,NULL,NULL
1,251,576,2,1,4,NULL,NULL,NULL,NULL
1,252,576,2,1,4,NULL,NULL,NULL,NULL
1,253,576,2,1,4,NULL,NULL,NULL,NULL
1,254,576,2,1,4,NULL,NULL,NULL,NULL
1,255,576,2,1,4,NULL,NULL,NULL,NULL
1,256,576,2,1,4,NULL,NULL,NULL,NULL
1,257,576,2,1,4,-229850,-243425,2183,2036
1,258,576,2,1,4,-230276,-230212,2176,2616
1,259,576,2,1,4,-228152,-228038,-207.6,2584
1,260,576,2,1,4,-229960,-230239,5.129,1999
1,261,576,2,1,4,NULL,NULL,NULL,NULL
1,262,576,2,1,4,-231817,-231975,297.9,-1210
1,263,576,2,1,4,-270429,-270789,-663.3,-2194
1,264,576,2,1,4,NULL,NULL,NULL,NULL
1,265,576,2,1,4,-230790,-230831,-2175,-2606
1,266,576,2,1,4,-270875,-270836,-2304,-2251
1,267,576,2,1,4,NULL,NULL,NULL,NULL
1,268,576,2,1,4,NULL,NULL,NULL,NULL
1,269,576,2,1,4,-229438,-232463,-2186,2007
1,270,576,2,1,4,-232291,-270700,-2180,2591
1,271,576,2,1,4,-228719,-249902,2155,-2627
1,272,576,2,1,4,-230784,-234827,2075,-2031
1,273,576,2,1,4,-231445,-231563,2075,-1181
1,274,576,2,1,4,-233064,-243884,2169,1212
1,275,576,2,1,4,-231997,-255649,2171,2049
1,276,576,2,1,4,-230612,-265491,2168,2641
1,277,576,2,1,4,NULL,NULL,NULL,NULL
1,278,576,2,1,4,-228909,-229414,-372.6,2079
1,279,576,2,1,4,-250718,-252320,285,1257
1,280,576,2,1,4,-229218,-229370,-733.4,-1127
1,281,576,2,1,4,-239205,-251657,-647,-2004
1,282,576,2,1,4,-226159,-255702,-431.9,-2601
1,283,576,2,1,4,-227144,-248332,-2225,-2626
1,284,576,2,1,4,-227802,-234910,-2291,-2040
1,285,576,2,1,4,-228848,-228972,-2293,-1188
1,286,576,2,1,4,-230069,-238700,-2208,1198
1,287,576,2,1,4,-229361,-252524,-2208,2038
1,288,576,2,1,4,-229026,-228970,-2206,2626
1,289,576,2,1,4,NULL,NULL,NULL,NULL
1,290,576,2,1,4,NULL,NULL,NULL,NULL
1,291,576,2,1,4,-233363,-233445,2217,-1279
1,292,576,2,1,4,-231199,-231248,2224,1216
1,293,576,2,1,4,-231655,-231723,2228,2108
1,294,576,2,1,4,-266624,-270208,2309,2723
1,295,576,2,1,4,-270708,-270793,881.1,2709
1,296,576,2,1,4,NULL,NULL,NULL,NULL
1,297,576,2,1,4,NULL,NULL,NULL,NULL
1,298,576,2,1,4,NULL,NULL,NULL,NULL
1,299,576,2,1,4,NULL,NULL,NULL,NULL
1,300,576,2,1,4,-270917,-270741,914.6,-2673
1,301,576,2,1,4,-229193,-230010,-2315,-2745
1,302,576,2,1,4,NULL,NULL,NULL,NULL
1,303,576,2,1,4,NULL,NULL,NULL,NULL
1,304,576,2,1,4,-270674,-270627,-2120,1134
1,305,576,2,1,4,-229659,-229487,-2283,2109
1,306,576,2,1,4,-229360,-229260,-2273,2727
1,307,576,2,1,4,-229146,-229311,2335,-2697
1,308,576,2,1,4,-231332,-231169,2351,-2089
1,309,576,2,1,4,-232888,-232814,2257,-1214
1,310,576,2,1,4,NULL,NULL,NULL,NULL
1,311,576,2,1,4,NULL,NULL,NULL,NULL
1,312,576,2,1,4,NULL,NULL,NULL,NULL
1,313,576,2,1,4,-230842,-230589,633.5,2736
1,314,576,2,1,4,-229867,-229887,681,2143
1,315,576,2,1,4,NULL,NULL,NULL,NULL
1,316,576,2,1,4,-229435,-229520,385.4,-1158
1,317,576,2,1,4,-228906,-229105,780.7,-2057
1,318,576,2,1,4,-227800,-227836,746,-2670
1,319,576,2,1,4,-227840,-228486,-2125,-2697
1,320,576,2,1,4,-229096,-244210,-2104,-2093
1,321,576,2,1,4,-229911,-230010,-2199,-1221
1,322,576,2,1,4,-231437,-244247,-2120,1239
1,323,576,2,1,4,NULL,NULL,NULL,NULL
1,324,576,2,1,4,-231144,-232652,-2156,2708
1,325,576,2,1,4,NULL,NULL,NULL,NULL
1,326,576,2,1,4,-231363,-249924,2168,-2130
1,327,576,2,1,4,-236614,-236900,2084,-1284
1,328,576,2,1,4,NULL,NULL,NULL,NULL
1,329,576,2,1,4,-230806,-254478,2077,2071
1,330,576,2,1,4,-229002,-229667,2140,2676
1,331,576,2,1,4,-229659,-232891,-490.5,2705
1,332,576,2,1,4,-230635,-230422,-763.8,2110
1,333,576,2,1,4,-231636,-232086,-750.3,1252
1,334,576,2,1,4,-268957,-270443,-428.9,-1208
1,335,576,2,1,4,-231522,-231665,-206.7,-2088
1,336,576,2,1,4,NULL,NULL,NULL,NULL
1,337,576,2,1,4,-270434,-270580,-2254,-2664
1,338,576,2,1,4,-265054,-270406,-2247,-2124
1,339,576,2,1,4,-267580,-270583,-2246,-1228
1,340,576,2,1,4,NULL,NULL,NULL,NULL
1,341,576,2,1,4,NULL,NULL,NULL,NULL
1,342,576,2,1,4,-230114,-233950,-2227,2666
1,343,576,2,1,4,-229067,-229133,2040,-2594
1,344,576,2,1,4,-231990,-232052,2004,-1970
1,345,576,2,1,4,-231719,-231589,2046,-1025
1,346,576,2,1,4,-233424,-233821,1912,1381
1,347,576,2,1,4,NULL,NULL,NULL,NULL
1,348,576,2,1,4,-236994,-236963,1928,2747
1,349,576,2,1,4,NULL,NULL,NULL,NULL
1,350,576,2,1,4,NULL,NULL,NULL,NULL
1,351,576,2,1,4,-230569,-231961,-1030,1336
1,352,576,2,1,4,NULL,NULL,NULL,NULL
1,353,576,2,1,4,-230378,-230492,-842.1,-2000
1,354,576,2,1,4,NULL,NULL,NULL,NULL
1,355,576,2,1,4,NULL,NULL,NULL,NULL
1,356,576,2,1,4,-270788,-270613,-2015,-1982
1,357,576,2,1,4,NULL,NULL,NULL,NULL
1,358,576,2,1,4,-232450,-233001,-2381,1370
1,359,576,2,1,4,NULL,NULL,NULL,NULL
1,360,576,2,1,4,-232040,-232077,-2376,2736
1,361,576,2,1,4,-227282,-227313,2039,-2652
1,362,576,2,1,4,-270779,-270626,2299,-2019
1,363,576,2,1,4,-227696,-227658,1966,-1115
1,364,576,2,1,4,NULL,NULL,NULL,NULL
1,365,576,2,1,4,-270471,-270789,2289,2164
1,366,576,2,1,4,NULL,NULL,NULL,NULL
1,367,576,2,1,4,-228112,-228563,-908.6,2775
1,368,576,2,1,4,-227227,-227756,-961.8,2195
1,369,576,2,1,4,-227258,-228383,-761.6,1387
1,370,576,2,1,4,NULL,NULL,NULL,NULL
1,371,576,2,1,4,-227346,-228393,-805.2,-2004
1,372,576,2,1,4,NULL,NULL,NULL,NULL
1,373,576,2,1,4,-230684,-232206,-2318,-2649
1,374,576,2,1,4,-229498,-229660,-2307,-2036
1,375,576,2,1,4,NULL,NULL,NULL,NULL
1,376,576,2,1,4,-228983,-229884,-2294,1334
1,377,576,2,1,4,-235291,-266476,-2346,2160
1,378,576,2,1,4,-229074,-239899,-2338,2746
1,379,576,2,1,4,NULL,NULL,NULL,NULL
1,380,576,2,1,4,-230137,-230082,2144,-2147
1,381,576,2,1,4,-230033,-230182,2091,-1336
1,382,576,2,1,4,NULL,NULL,NULL,NULL
1,383,576,2,1,4,-270875,-270890,2433,2140
1,384,576,2,1,4,-230403,-230542,2201,2610
1,385,576,2,1,4,-228927,-232865,505.8,2630
1,386,576,2,1,4,NULL,NULL,NULL,NULL
1,387,576,2,1,4,NULL,NULL,NULL,NULL
1,388,576,2,1,4,-227928,-227921,-516.8,-1291
1,389,576,2,1,4,NULL,NULL,NULL,NULL
1,390,576,2,1,4,NULL,NULL,NULL,NULL
1,391,576,2,1,4,-270822,-270729,-2032,-2719
1,392,576,2,1,4,NULL,NULL,NULL,NULL
1,393,576,2,1,4,NULL,NULL,NULL,NULL
1,394,576,2,1,4,NULL,NULL,NULL,NULL
1,395,576,2,1,4,-229636,-229685,-2080,2001
1,396,576,2,1,4,-242807,-257554,-2073,2612
1,397,576,2,1,4,NULL,NULL,NULL,NULL
1,398,576,2,1,4,-226609,-226704,2342,-2019
1,399,576,2,1,4,-227774,-227772,2426,-1178
1,400,576,2,1,4,-226666,-226772,2342,1183
1,401,576,2,1,4,NULL,NULL,NULL,NULL
1,402,576,2,1,4,-226991,-226888,2428,2608
1,403,576,2,1,4,NULL,NULL,NULL,NULL
1,404,576,2,1,4,-270527,-270632,-517.2,2208
1,405,576,2,1,4,-227624,-227490,861.9,1245
1,406,576,2,1,4,NULL,NULL,NULL,NULL
1,407,576,2,1,4,NULL,NULL,NULL,NULL
1,408,576,2,1,4,NULL,NULL,NULL,NULL
1,409,576,2,1,4,-227109,-228605,-1938,-2606
1,410,576,2,1,4,-225479,-225330,-2019,-2021
1,411,576,2,1,4,-270613,-270519,-2652,-1338
1,412,576,2,1,4,-270573,-270547,-2520,1271
1,413,576,2,1,4,NULL,NULL,NULL,NULL
1,414,576,2,1,4,-225670,-225649,-1928,2605
1,415,576,2,1,4,NULL,NULL,NULL,NULL
1,416,576,2,1,4,-226426,-226575,2090,-2070
1,417,576,2,1,4,NULL,NULL,NULL,NULL
1,419,576,2,1,4,-227434,-227374,2030,2069
1,420,576,2,1,4,NULL,NULL,NULL,NULL
1,421,576,2,1,4,NULL,NULL,NULL,NULL
1,422,576,2,1,4,-226033,-226700,-770.6,2099
1,423,576,2,1,4,NULL,NULL,NULL,NULL
1,424,576,2,1,4,-270594,-270690,611.8,-1323
1,425,576,2,1,4,NULL,NULL,NULL,NULL
1,426,576,2,1,4,NULL,NULL,NULL,NULL
1,427,576,2,1,4,NULL,NULL,NULL,NULL
1,428,576,2,1,4,NULL,NULL,NULL,NULL
1,429,576,2,1,4,-225753,-226172,-2319,-1241
1,430,576,2,1,4,-225871,-225783,-2259,1186
1,431,576,2,1,4,NULL,NULL,NULL,NULL
1,432,576,2,1,4,NULL,NULL,NULL,NULL
1,433,576,2,1,4,NULL,NULL,NULL,NULL
1,434,576,2,1,4,-228227,-228119,2339,-2043
1,435,576,2,1,4,-270825,-270869,2131,-1228
1,436,576,2,1,4,-228294,-228360,2353,1265
1,437,576,2,1,4,-226549,-226444,2444,2104
1,438,576,2,1,4,NULL,NULL,NULL,NULL
1,439,576,2,1,4,-270646,-270865,-490.2,2797
1,440,576,2,1,4,-227414,-227410,1046,2065
1,441,576,2,1,4,-227053,-227001,808.3,1208
1,442,576,2,1,4,-270683,-270731,-552.2,-1216
1,443,576,2,1,4,-227498,-227557,792.5,-2078
1,444,576,2,1,4,-270684,-270708,-656.3,-2666
1,445,576,2,1,4,NULL,NULL,NULL,NULL
1,446,576,2,1,4,-228259,-228869,-2084,-2066
1,447,576,2,1,4,NULL,NULL,NULL,NULL
1,448,576,2,1,4,NULL,NULL,NULL,NULL
1,449,576,2,1,4,-270670,-270752,-2303,2074
1,450,576,2,1,4,-227487,-228755,-2050,2672
1,451,576,2,1,4,-270984,-270907,2261,-2691
1,452,576,2,1,4,-229882,-229940,2034,-2128
1,453,576,2,1,4,-229263,-229463,1940,-1286
1,454,576,2,1,4,-230614,-230695,2016,1170
1,455,576,2,1,4,-230774,-230992,1995,2063
1,456,576,2,1,4,-229528,-230740,1980,2670
1,457,576,2,1,4,-232348,-232749,-959.2,2677
1,458,576,2,1,4,NULL,NULL,NULL,NULL
1,459,576,2,1,4,NULL,NULL,NULL,NULL
1,460,576,2,1,4,-230265,-230340,-1005,-1265
1,461,576,2,1,4,-257772,-261641,-659,-2113
1,462,576,2,1,4,-228380,-231616,-828,-2738
1,463,576,2,1,4,-229770,-230169,-2301,-2739
1,464,576,2,1,4,-230541,-230620,-2304,-2153
1,465,576,2,1,4,NULL,NULL,NULL,NULL
1,466,576,2,1,4,-233705,-233803,-2315,1120
1,467,576,2,1,4,-232626,-234059,-2331,2028
1,468,576,2,1,4,-261963,-270746,-2303,2651
1,469,576,2,1,4,-230956,-230720,2142,-2628
1,470,576,2,1,4,-230456,-230503,2202,-2038
1,471,576,2,1,4,-228868,-228877,2192,-1199
1,472,576,2,1,4,NULL,NULL,NULL,NULL
1,473,576,2,1,4,NULL,NULL,NULL,NULL
1,474,576,2,1,4,NULL,NULL,NULL,NULL
1,475,576,2,1,4,-227614,-228146,-388.5,2590
1,476,576,2,1,4,NULL,NULL,NULL,NULL
1,477,576,2,1,4,-228741,-228777,-680,1133
1,478,576,2,1,4,-230554,-230593,175.3,-1237
1,479,576,2,1,4,-269636,-269414,673,-2063
1,480,576,2,1,4,-270750,-270708,972.9,-2684
1,481,576,2,1,4,-228552,-228479,-2231,-2612
1,482,576,2,1,4,-228169,-229034,-2173,-2024
1,483,576,2,1,4,-270886,-270682,-1933,-1216
1,484,576,2,1,4,-265097,-268852,-2216,1185
1,485,576,2,1,4,-228079,-228767,-2207,2028
1,486,576,2,1,4,-229471,-229653,-2213,2615
1,487,576,2,1,4,NULL,NULL,NULL,NULL
1,488,576,2,1,4,NULL,NULL,NULL,NULL
1,489,576,2,1,4,NULL,NULL,NULL,NULL
1,490,576,2,1,4,-230909,-230873,2130,1215
1,491,576,2,1,4,-231792,-231951,2135,2073
1,492,576,2,1,4,-232005,-231816,2197,2671
1,493,576,2,1,4,NULL,NULL,NULL,NULL
1,495,576,2,1,4,-270869,-270965,358,1327
1,496,576,2,1,4,-227778,-227870,697.2,-1268
1,497,576,2,1,4,NULL,NULL,NULL,NULL
1,498,576,2,1,4,-227741,-227552,692,-2700
1,499,576,2,1,4,-229047,-266105,-2038,-2665
1,500,576,2,1,4,-228430,-229539,-2021,-2062
1,501,576,2,1,4,NULL,NULL,NULL,NULL
1,502,576,2,1,4,-229189,-229227,-2115,1229
1,503,576,2,1,4,-230625,-230673,-2110,2081
1,504,576,2,1,4,-231419,-231436,-2042,2674
1,505,576,2,1,4,NULL,NULL,NULL,NULL
1,506,576,2,1,4,-230629,-230607,2138,-2151
1,507,576,2,1,4,-230261,-230472,2206,-1340
1,508,576,2,1,4,-230438,-230394,2143,1080
1,509,576,2,1,4,-270817,-270533,2349,2116
1,510,576,2,1,4,-229721,-229627,2250,2607
1,511,576,2,1,4,NULL,NULL,NULL,NULL
1,512,576,2,1,4,NULL,NULL,NULL,NULL
1,513,576,2,1,4,-270757,-270803,870.5,1278
1,514,576,2,1,4,-270911,-270922,794.1,-1073
1,515,576,2,1,4,NULL,NULL,NULL,NULL
1,516,576,2,1,4,-228698,-229063,-228.8,-2751
1,517,576,2,1,4,-270955,-270897,-2012,-2653
1,518,576,2,1,4,-228527,-229297,-2242,-2133
1,519,576,2,1,4,-270870,-270476,-2057,-1311
1,520,576,2,1,4,-227447,-227615,-2236,1105
1,521,576,2,1,4,NULL,NULL,NULL,NULL
1,522,576,2,1,4,-270827,-270770,-1907,2716
1,523,576,2,1,4,NULL,NULL,NULL,NULL
1,524,576,2,1,4,-229317,-229124,2250,-2209
1,525,576,2,1,4,-265638,-270679,2254,-1338
1,526,576,2,1,4,-270410,-270832,2275,1166
1,527,576,2,1,4,-229171,-229451,2189,2019
1,528,576,2,1,4,-231693,-231922,2175,2645
1,529,576,2,1,4,NULL,NULL,NULL,NULL
1,530,576,2,1,4,-270704,-270727,735.4,2151
1,531,576,2,1,4,NULL,NULL,NULL,NULL
1,532,576,2,1,4,-270819,-270741,710.6,-1070
1,533,576,2,1,4,-270770,-270879,686,-2035
1,534,576,2,1,4,NULL,NULL,NULL,NULL
1,535,576,2,1,4,-227959,-227904,-2211,-2788
1,536,576,2,1,4,-228562,-229833,-2143,-2199
1,537,576,2,1,4,-229964,-230159,-2173,-1379
1,538,576,2,1,4,NULL,NULL,NULL,NULL
1,539,576,2,1,4,-230129,-230096,-2206,2025
1,540,576,2,1,4,-255010,-257833,-2177,2652
1,541,576,2,1,4,NULL,NULL,NULL,NULL
1,542,576,2,1,4,-226830,-227114,2096,-2209
1,543,576,2,1,4,-227740,-227587,2190,-1396
1,544,576,2,1,4,-227182,-227185,2189,1064
1,545,576,2,1,4,-226942,-227328,2187,2017
1,546,576,2,1,4,NULL,NULL,NULL,NULL
1,548,576,2,1,4,-226570,-256395,-0.9626,1966
1,549,576,2,1,4,-226177,-226119,128.6,973.8
1,550,576,2,1,4,-227235,-227347,112.9,-1460
1,551,576,2,1,4,-225857,-225955,-679.3,-2250
1,552,576,2,1,4,NULL,NULL,NULL,NULL
1,553,576,2,1,4,NULL,NULL,NULL,NULL
1,554,576,2,1,4,-228147,-228146,-2280,-2203
1,555,576,2,1,4,NULL,NULL,NULL,NULL
1,556,576,2,1,4,-226653,-226746,-2190,1067
1,557,576,2,1,4,-227260,-227376,-2193,2014
1,558,576,2,1,4,NULL,NULL,NULL,NULL
1,559,576,2,1,4,NULL,NULL,NULL,NULL
1,560,576,2,1,4,-231790,-231815,2139,-2023
1,561,576,2,1,4,-230868,-230815,2139,-1179
1,562,576,2,1,4,-232417,-264031,2231,1180
1,563,576,2,1,4,-234474,-234606,2231,2021
1,564,576,2,1,4,-233037,-232985,2186,2605
1,565,576,2,1,4,NULL,NULL,NULL,NULL
1,566,576,2,1,4,-231282,-231167,325,2056
1,567,576,2,1,4,-232893,-232895,361.5,1245
1,568,576,2,1,4,NULL,NULL,NULL,NULL
1,569,576,2,1,4,-232633,-232545,-587.9,-1982
1,570,576,2,1,4,NULL,NULL,NULL,NULL
1,571,576,2,1,4,-231411,-232812,-2232,-2609
1,572,576,2,1,4,-233424,-233365,-2263,-2024
1,573,576,2,1,4,-232201,-232709,-2264,-1186
1,574,576,2,1,4,-233893,-233757,-2173,1169
1,575,576,2,1,4,-234902,-235387,-2174,2012
1,576,576,2,1,4,-236679,-266456,-2222,2597
1,1,67,3,1,1,-270715,-270689,2574,-2894
1,2,67,3,1,1,-270762,-270539,2474,-2281
1,3,67,3,1,1,NULL,NULL,NULL,NULL
1,4,67,3,1,1,NULL,NULL,NULL,NULL
1,5,67,3,1,1,NULL,NULL,NULL,NULL
1,6,67,3,1,1,-270772,-270398,2373,2961
1,7,67,3,1,1,-270636,-270878,-572.2,2987
1,8,67,3,1,1,-270726,-270821,-457.2,2368
1,9,67,3,1,1,-270811,-270889,562.2,1518
1,10,67,3,1,1,NULL,NULL,NULL,NULL
1,11,67,3,1,1,NULL,NULL,NULL,NULL
1,12,67,3,1,1,-228537,-229056,617.7,-2895
1,13,67,3,1,1,-270764,-270764,-2403,-2928
1,14,67,3,1,1,-270879,-270670,-2401,-2267
1,15,67,3,1,1,-270527,-270651,-2486,-1248
1,16,67,3,1,1,-270790,-270555,-2364,1453
1,17,67,3,1,1,NULL,NULL,NULL,NULL
1,18,67,3,1,2,-270507,-270722,2481,-2945
1,19,67,3,1,2,-252865,-253065,2471,-2285
1,20,67,3,1,2,-270592,-270797,2322,-1370
1,21,67,3,1,2,-229315,-229500,2369,1351
1,22,67,3,1,2,NULL,NULL,NULL,NULL
1,23,67,3,1,2,-229183,-229298,2453,2942
1,24,67,3,1,2,NULL,NULL,NULL,NULL
1,25,67,3,1,2,NULL,NULL,NULL,NULL
1,26,67,3,1,2,NULL,NULL,NULL,NULL
1,27,67,3,1,2,-270856,-270693,-649.4,-1459
1,28,67,3,1,2,-229780,-229658,399.6,-2335
1,29,67,3,1,2,NULL,NULL,NULL,NULL
1,30,67,3,1,2,-229913,-230878,-2419,-2938
1,31,67,3,1,2,NULL,NULL,NULL,NULL
1,32,67,3,1,2,NULL,NULL,NULL,NULL
1,33,67,3,1,2,-270729,-270750,-2486,1286
1,34,67,3,1,2,-270718,-270686,-2375,2335
1,35,67,3,1,2,NULL,NULL,NULL,NULL
1,36,67,3,1,2,-270993,-270780,2386,-2253
1,37,67,3,1,2,-270875,-270964,2487,-1344
1,38,67,3,1,2,-270812,-270612,2443,1299
1,39,67,3,1,2,NULL,NULL,NULL,NULL
1,40,67,3,1,2,-270797,-270741,2623,2851
1,41,67,3,1,2,-270826,-270847,928.8,2845
1,42,67,3,1,2,-270912,-270864,404.1,2278
1,43,67,3,1,2,-270819,-270793,-239.9,1264
1,44,67,3,1,2,-228169,-228171,452.6,-1408
1,45,67,3,1,2,NULL,NULL,NULL,NULL
1,46,67,3,1,2,NULL,NULL,NULL,NULL
1,47,67,3,1,2,NULL,NULL,NULL,NULL
1,48,67,3,1,2,NULL,NULL,NULL,NULL
1,49,67,3,1,2,NULL,NULL,NULL,NULL
1,50,67,3,1,2,NULL,NULL,NULL,NULL
1,51,67,3,1,2,-253260,-253686,-2396,2262
1,52,67,3,1,2,NULL,NULL,NULL,NULL
1,53,67,3,1,2,-229951,-229861,2480,-1367
1,54,67,3,1,2,-270868,-270736,2383,1262
1,55,67,3,1,2,-230694,-230729,2431,2252
1,56,67,3,1,2,-226806,-227095,2509,2903
1,57,67,3,1,2,NULL,NULL,NULL,NULL
1,58,67,3,1,2,-271054,-270922,216.3,2246
1,59,67,3,1,2,NULL,NULL,NULL,NULL
1,60,67,3,1,2,-229374,-229271,591,-1282
1,61,67,3,1,2,NULL,NULL,NULL,NULL
1,62,67,3,1,2,NULL,NULL,NULL,NULL
1,63,67,3,1,2,-270796,-270870,-2421,-2969
1,64,67,3,1,2,NULL,NULL,NULL,NULL
1,65,67,3,1,2,NULL,NULL,NULL,NULL
1,66,67,3,1,2,-271017,-270904,-2424,1318
1,67,67,3,1,2,-270897,-271036,-2384,2211
1,1,67,4,1,5,NULL,NULL,NULL,NULL
1,2,67,4,1,5,NULL,NULL,NULL,NULL
1,3,67,4,1,5,-270994,-270869,2293,-1271
1,4,67,4,1,5,-270812,-270807,2258,1289
1,5,67,4,1,5,-270888,-270917,2287,2182
1,6,67,4,1,5,NULL,NULL,NULL,NULL
1,7,67,4,1,5,NULL,NULL,NULL,NULL
1,8,67,4,1,5,NULL,NULL,NULL,NULL
1,9,67,4,1,5,NULL,NULL,NULL,NULL
1,10,67,4,1,5,NULL,NULL,NULL,NULL
1,11,67,4,1,5,-270798,-270900,-655.3,-2089
1,12,67,4,1,5,-228221,-228027,416.4,-2732
1,13,67,4,1,5,NULL,NULL,NULL,NULL
1,14,67,4,1,5,NULL,NULL,NULL,NULL
1,15,67,4,1,5,NULL,NULL,NULL,NULL
1,16,67,4,1,5,NULL,NULL,NULL,NULL
1,17,67,4,1,5,NULL,NULL,NULL,NULL
1,18,67,4,1,6,NULL,NULL,NULL,NULL
1,19,67,4,1,6,-253398,-253338,2278,-2188
1,20,67,4,1,6,-270813,-270846,2140,-1396
1,21,67,4,1,6,-229954,-230047,2265,1163
1,22,67,4,1,6,-270776,-270926,2115,2074
1,23,67,4,1,6,-230747,-230799,2252,2711
1,24,67,4,1,6,-227197,-227291,-338.5,2729
1,25,67,4,1,6,NULL,NULL,NULL,NULL
1,26,67,4,1,6,-270954,-270926,-221.7,1148
1,27,67,4,1,6,-270832,-270628,-662.2,-1344
1,28,67,4,1,6,-270801,-229355,78.32,-2141
1,29,67,4,1,6,-270684,-270662,274.1,-2813
1,30,67,4,1,6,-270755,-270715,-2273,-2825
1,31,67,4,1,6,NULL,NULL,NULL,NULL
1,32,67,4,1,6,NULL,NULL,NULL,NULL
1,33,67,4,1,6,NULL,NULL,NULL,NULL
1,34,67,4,1,6,-270703,-270435,-2354,2049
1,35,67,4,1,6,NULL,NULL,NULL,NULL
1,36,67,4,1,6,NULL,NULL,NULL,NULL
1,37,67,4,1,6,-270656,-270538,2208,-1336
1,38,67,4,1,6,NULL,NULL,NULL,NULL
1,39,67,4,1,6,-270683,-270764,2351,2137
1,40,67,4,1,6,NULL,NULL,NULL,NULL
1,41,67,4,1,6,-270740,-270659,491.1,2744
1,42,67,4,1,6,NULL,NULL,NULL,NULL
1,43,67,4,1,6,-270556,-270741,-610.9,1324
1,44,67,4,1,6,-229070,-229040,-613.2,-1211
1,45,67,4,1,6,NULL,NULL,NULL,NULL
1,46,67,4,1,6,NULL,NULL,NULL,NULL
1,47,67,4,1,6,NULL,NULL,NULL,NULL
1,48,67,4,1,6,-270477,-270765,-2415,-2125
1,49,67,4,1,6,-270587,-270693,-2345,-1266
1,50,67,4,1,6,NULL,NULL,NULL,NULL
1,51,67,4,1,6,-252295,-252557,-2285,2181
1,52,67,4,1,6,NULL,NULL,NULL,NULL
1,53,67,4,1,6,-229441,-229644,2264,-1259
1,54,67,4,1,6,-270778,-270839,2192,1244
1,55,67,4,1,6,-229442,-229486,2228,2100
1,56,67,4,1,6,-226993,-227472,2210,2710
1,57,67,4,1,6,NULL,NULL,NULL,NULL
1,58,67,4,1,6,NULL,NULL,NULL,NULL
1,59,67,4,1,6,NULL,NULL,NULL,NULL
1,60,67,4,1,6,-229834,-230021,463.4,-1231
1,61,67,4,1,6,-270656,-270774,-373.2,-2125
1,62,67,4,1,6,NULL,NULL,NULL,NULL
1,63,67,4,1,6,-270760,-270815,-2229,-2721
1,64,67,4,1,6,-270594,-270562,-2214,-2039
1,65,67,4,1,6,NULL,NULL,NULL,NULL
1,66,67,4,1,6,NULL,NULL,NULL,NULL
1,67,67,4,1,6,-270800,-270765,-2164,2129
2,1,9,1,1,3,-240371,-242450,2186,-2661
2,2,9,1,1,3,-241282,-242972,2143,-2058
2,3,9,1,1,3,NULL,NULL,NULL,NULL
2,5,9,1,1,3,NULL,NULL,NULL,NULL
2,6,9,1,1,3,-237800,-242689,2194,2678
2,7,9,1,1,3,-239278,-241839,-421.7,2701
2,8,9,1,1,3,-237764,-239750,-327.7,2113
2,9,9,1,1,3,-240566,-240590,-708.9,1285
