Channel,InPort,OutPort,WlLabel,SampleCount,IL_Max,IL_Min,IL_Span
CH100,MPO9-4,MPO57-4,Laser_1310,71,0.811500,0.774700,0.036800
CH101,MPO9-5,MPO57-5,Laser_1310,71,0.713400,0.680000,0.033400
CH102,MPO9-6,MPO57-6,Laser_1310,71,0.667900,0.628700,0.039200
CH103,MPO9-7,MPO57-7,Laser_1310,71,0.074500,0.030800,0.043700
CH104,MPO9-8,MPO57-8,Laser_1310,71,0.328300,0.240200,0.088100
CH105,MPO9-9,MPO57-9,Laser_1310,71,0.284800,0.252400,0.032400
CH106,MPO9-10,MPO57-10,Laser_1310,71,0.132300,0.105100,0.027200
CH107,MPO9-11,MPO57-11,Laser_1310,71,-0.167900,-0.200600,0.032700
CH108,MPO9-12,MPO57-12,Laser_1310,71,0.052700,-0.069900,0.122600
CH109,MPO10-1,MPO58-1,Laser_1310,71,1.408900,1.376800,0.032100
CH10,MPO1-10,MPO49-10,Laser_1310,71,0.793600,0.768500,0.025100
CH110,MPO10-2,MPO58-2,Laser_1310,71,1.635600,1.593400,0.042200
CH111,MPO10-3,MPO58-3,Laser_1310,71,1.525200,1.495100,0.030100
CH112,MPO10-4,MPO58-4,Laser_1310,71,1.639400,1.612400,0.027000
CH113,MPO10-5,MPO58-5,Laser_1310,71,1.457700,1.429500,0.028200
CH114,MPO10-6,MPO58-6,Laser_1310,71,1.507200,1.472100,0.035100
CH115,MPO10-7,MPO58-7,Laser_1310,71,1.086200,1.062100,0.024100
CH116,MPO10-8,MPO58-8,Laser_1310,71,1.059200,1.023900,0.035300
CH117,MPO10-9,MPO58-9,Laser_1310,71,1.258300,1.219500,0.038800
CH118,MPO10-10,MPO58-10,Laser_1310,71,1.381500,1.355000,0.026500
CH119,MPO10-11,MPO58-11,Laser_1310,71,1.379500,1.351900,0.027600
CH11,MPO1-11,MPO49-11,Laser_1310,71,1.023600,1.000300,0.023300
CH120,MPO10-12,MPO58-12,Laser_1310,71,1.220900,1.200900,0.020000
CH121,MPO11-1,MPO59-1,Laser_1310,71,0.672700,0.637300,0.035400
CH122,MPO11-2,MPO59-2,Laser_1310,71,1.102600,1.070900,0.031700
CH123,MPO11-3,MPO59-3,Laser_1310,71,1.165000,1.128300,0.036700
CH124,MPO11-4,MPO59-4,Laser_1310,71,0.921900,0.876500,0.045400
CH125,MPO11-5,MPO59-5,Laser_1310,71,0.957800,0.921100,0.036700
CH126,MPO11-6,MPO59-6,Laser_1310,71,0.718100,0.688900,0.029200
CH127,MPO11-7,MPO59-7,Laser_1310,71,1.412800,1.388700,0.024100
CH128,MPO11-8,MPO59-8,Laser_1310,71,1.159000,1.038700,0.120300
CH129,MPO11-9,MPO59-9,Laser_1310,71,1.773600,1.741400,0.032200
CH12,MPO1-12,MPO49-12,Laser_1310,71,0.942300,0.919500,0.022800
CH130,MPO11-10,MPO59-10,Laser_1310,71,1.719800,1.691100,0.028700
CH131,MPO11-11,MPO59-11,Laser_1310,71,1.408800,1.380000,0.028800
CH132,MPO11-12,MPO59-12,Laser_1310,71,0.894800,0.859000,0.035800
CH133,MPO12-1,MPO60-1,Laser_1310,71,0.758900,0.719600,0.039300
CH134,MPO12-2,MPO60-2,Laser_1310,71,0.720300,0.678100,0.042200
CH135,MPO12-3,MPO60-3,Laser_1310,71,0.803800,0.760500,0.043300
CH136,MPO12-4,MPO60-4,Laser_1310,71,1.326400,1.288000,0.038400
CH137,MPO12-5,MPO60-5,Laser_1310,71,1.363300,1.337500,0.025800
CH138,MPO12-6,MPO60-6,Laser_1310,71,1.188300,1.159100,0.029200
CH139,MPO12-7,MPO60-7,Laser_1310,71,0.623000,0.593000,0.030000
CH13,MPO2-1,MPO50-1,Laser_1310,71,0.431000,0.413300,0.017700
CH140,MPO12-8,MPO60-8,Laser_1310,71,0.766600,0.737400,0.029200
CH141,MPO12-9,MPO60-9,Laser_1310,71,0.732800,0.703200,0.029600
CH142,MPO12-10,MPO60-10,Laser_1310,71,0.761300,0.726400,0.034900
CH143,MPO12-11,MPO60-11,Laser_1310,71,0.629300,0.604700,0.024600
CH144,MPO12-12,MPO60-12,Laser_1310,71,0.470800,0.437600,0.033200
CH145,MPO13-1,MPO61-1,Laser_1310,71,0.854200,0.812500,0.041700
CH146,MPO13-2,MPO61-2,Laser_1310,71,1.319000,1.295400,0.023600
CH147,MPO13-3,MPO61-3,Laser_1310,71,1.441700,1.418100,0.023600
CH148,MPO13-4,MPO61-4,Laser_1310,71,1.600200,1.580900,0.019300
CH149,MPO13-5,MPO61-5,Laser_1310,71,1.218100,1.192800,0.025300
CH14,MPO2-2,MPO50-2,Laser_1310,71,0.509200,0.482100,0.027100
CH150,MPO13-6,MPO61-6,Laser_1310,71,1.193200,1.167400,0.025800
CH151,MPO13-7,MPO61-7,Laser_1310,71,1.017500,0.995800,0.021700
CH152,MPO13-8,MPO61-8,Laser_1310,71,1.269900,1.243800,0.026100
CH153,MPO13-9,MPO61-9,Laser_1310,71,1.296800,1.266400,0.030400
CH154,MPO13-10,MPO61-10,Laser_1310,71,1.453200,1.430900,0.022300
CH155,MPO13-11,MPO61-11,Laser_1310,71,1.391100,1.371800,0.019300
CH156,MPO13-12,MPO61-12,Laser_1310,71,1.183800,1.164100,0.019700
CH157,MPO14-1,MPO62-1,Laser_1310,71,0.258400,0.232800,0.025600
CH158,MPO14-2,MPO62-2,Laser_1310,71,0.516600,0.483600,0.033000
CH159,MPO14-3,MPO62-3,Laser_1310,71,0.662900,0.642000,0.020900
CH15,MPO2-3,MPO50-3,Laser_1310,71,0.437800,0.414100,0.023700
CH160,MPO14-4,MPO62-4,Laser_1310,71,0.850500,0.827600,0.022900
CH161,MPO14-5,MPO62-5,Laser_1310,71,0.694900,0.675000,0.019900
CH162,MPO14-6,MPO62-6,Laser_1310,71,0.653800,0.631200,0.022600
CH163,MPO14-7,MPO62-7,Laser_1310,71,1.178900,1.158600,0.020300
CH164,MPO14-8,MPO62-8,Laser_1310,71,1.197100,1.175600,0.021500
CH165,MPO14-9,MPO62-9,Laser_1310,71,1.360900,1.344300,0.016600
CH166,MPO14-10,MPO62-10,Laser_1310,71,1.458000,1.440400,0.017600
CH167,MPO14-11,MPO62-11,Laser_1310,71,1.138900,1.120000,0.018900
CH168,MPO14-12,MPO62-12,Laser_1310,71,1.114100,1.094400,0.019700
CH169,MPO15-1,MPO63-1,Laser_1310,71,0.958300,0.933200,0.025100
CH16,MPO2-4,MPO50-4,Laser_1310,71,0.459400,0.438400,0.021000
CH170,MPO15-2,MPO63-2,Laser_1310,71,1.240700,1.219600,0.021100
CH171,MPO15-3,MPO63-3,Laser_1310,71,1.311000,1.294300,0.016700
CH172,MPO15-4,MPO63-4,Laser_1310,71,1.459800,1.441200,0.018600
CH173,MPO15-5,MPO63-5,Laser_1310,71,1.413300,1.391800,0.021500
CH174,MPO15-6,MPO63-6,Laser_1310,71,1.388600,1.368100,0.020500
CH175,MPO15-7,MPO63-7,Laser_1310,71,0.867900,0.846000,0.021900
CH176,MPO15-8,MPO63-8,Laser_1310,71,1.065700,1.045000,0.020700
CH177,MPO15-9,MPO63-9,Laser_1310,71,1.238200,1.217700,0.020500
CH178,MPO15-10,MPO63-10,Laser_1310,71,1.160300,1.137100,0.023200
CH179,MPO15-11,MPO63-11,Laser_1310,71,0.891100,0.871800,0.019300
CH17,MPO2-5,MPO50-5,Laser_1310,71,0.302900,0.280500,0.022400
CH180,MPO15-12,MPO63-12,Laser_1310,71,0.679100,0.659600,0.019500
CH181,MPO16-1,MPO64-1,Laser_1310,71,0.363900,0.337700,0.026200
CH182,MPO16-2,MPO64-2,Laser_1310,71,1.102900,1.075400,0.027500
CH183,MPO16-3,MPO64-3,Laser_1310,71,0.804800,0.781500,0.023300
CH184,MPO16-4,MPO64-4,Laser_1310,71,0.954500,0.920200,0.034300
CH185,MPO16-5,MPO64-5,Laser_1310,71,0.754100,0.728400,0.025700
CH186,MPO16-6,MPO64-6,Laser_1310,71,0.849500,0.818500,0.031000
CH187,MPO16-7,MPO64-7,Laser_1310,71,0.439700,0.415900,0.023800
CH188,MPO16-8,MPO64-8,Laser_1310,71,1.001500,0.975200,0.026300
CH189,MPO16-9,MPO64-9,Laser_1310,71,1.060300,1.035600,0.024700
CH18,MPO2-6,MPO50-6,Laser_1310,71,0.039500,0.020000,0.019500
CH190,MPO16-10,MPO64-10,Laser_1310,71,1.051800,1.029100,0.022700
CH191,MPO16-11,MPO64-11,Laser_1310,71,0.976800,0.948500,0.028300
CH192,MPO16-12,MPO64-12,Laser_1310,71,0.713300,0.679700,0.033600
CH193,MPO17-1,MPO65-1,Laser_1310,71,-0.284500,-0.314300,0.029800
CH194,MPO17-2,MPO65-2,Laser_1310,71,0.010500,-0.014900,0.025400
CH195,MPO17-3,MPO65-3,Laser_1310,71,0.364200,0.336800,0.027400
CH196,MPO17-4,MPO65-4,Laser_1310,71,0.524700,0.499500,0.025200
CH197,MPO17-5,MPO65-5,Laser_1310,71,0.478000,0.451200,0.026800
CH198,MPO17-6,MPO65-6,Laser_1310,71,0.565900,0.543200,0.022700
CH199,MPO17-7,MPO65-7,Laser_1310,71,1.089700,1.064800,0.024900
CH19,MPO2-7,MPO50-7,Laser_1310,71,1.346000,1.316900,0.029100
CH1,MPO1-1,MPO49-1,Laser_1310,71,0.628100,0.564900,0.063200
CH200,MPO17-8,MPO65-8,Laser_1310,71,1.188000,1.163600,0.024400
CH201,MPO17-9,MPO65-9,Laser_1310,71,1.124700,1.100200,0.024500
CH202,MPO17-10,MPO65-10,Laser_1310,71,1.232900,1.207100,0.025800
CH203,MPO17-11,MPO65-11,Laser_1310,71,1.267500,1.239900,0.027600
CH204,MPO17-12,MPO65-12,Laser_1310,71,0.743900,0.719800,0.024100
CH205,MPO18-1,MPO66-1,Laser_1310,71,0.312900,0.288500,0.024400
CH206,MPO18-2,MPO66-2,Laser_1310,71,0.516200,0.495300,0.020900
CH207,MPO18-3,MPO66-3,Laser_1310,71,0.929700,0.905300,0.024400
CH208,MPO18-4,MPO66-4,Laser_1310,71,0.850000,0.830200,0.019800
CH209,MPO18-5,MPO66-5,Laser_1310,71,0.735400,0.708600,0.026800
CH20,MPO2-8,MPO50-8,Laser_1310,71,1.210400,1.192800,0.017600
CH210,MPO18-6,MPO66-6,Laser_1310,71,0.714800,0.685700,0.029100
CH211,MPO18-7,MPO66-7,Laser_1310,71,0.176000,0.155300,0.020700
CH212,MPO18-8,MPO66-8,Laser_1310,71,0.439400,0.413600,0.025800
CH213,MPO18-9,MPO66-9,Laser_1310,71,0.524700,0.502100,0.022600
CH214,MPO18-10,MPO66-10,Laser_1310,71,0.206600,0.184200,0.022400
CH215,MPO18-11,MPO66-11,Laser_1310,71,-0.357100,-0.390000,0.032900
CH216,MPO18-12,MPO66-12,Laser_1310,71,-0.569900,-0.596800,0.026900
CH217,MPO19-1,MPO67-1,Laser_1310,71,-0.045200,-0.082300,0.037100
CH218,MPO19-2,MPO67-2,Laser_1310,71,0.992300,0.964800,0.027500
CH219,MPO19-3,MPO67-3,Laser_1310,71,1.001000,0.973200,0.027800
CH21,MPO2-9,MPO50-9,Laser_1310,71,1.251400,1.227600,0.023800
CH220,MPO19-4,MPO67-4,Laser_1310,71,0.762800,0.734600,0.028200
CH221,MPO19-5,MPO67-5,Laser_1310,71,0.719200,0.694400,0.024800
CH222,MPO19-6,MPO67-6,Laser_1310,71,0.948800,0.917000,0.031800
CH223,MPO19-7,MPO67-7,Laser_1310,71,0.323600,0.295500,0.028100
CH224,MPO19-8,MPO67-8,Laser_1310,71,0.987200,0.963100,0.024100
CH225,MPO19-9,MPO67-9,Laser_1310,71,1.077600,1.052500,0.025100
CH226,MPO19-10,MPO67-10,Laser_1310,71,1.187600,1.162900,0.024700
CH227,MPO19-11,MPO67-11,Laser_1310,71,0.565500,0.540300,0.025200
CH228,MPO19-12,MPO67-12,Laser_1310,71,0.006300,-0.019800,0.026100
CH229,MPO20-1,MPO68-1,Laser_1310,71,0.046600,0.013900,0.032700
CH22,MPO2-10,MPO50-10,Laser_1310,71,1.200900,1.184000,0.016900
CH230,MPO20-2,MPO68-2,Laser_1310,71,0.499700,0.470600,0.029100
CH231,MPO20-3,MPO68-3,Laser_1310,71,0.466800,0.440100,0.026700
CH232,MPO20-4,MPO68-4,Laser_1310,71,0.519800,0.484100,0.035700
CH233,MPO20-5,MPO68-5,Laser_1310,71,0.471700,0.436800,0.034900
CH234,MPO20-6,MPO68-6,Laser_1310,71,0.356500,0.322900,0.033600
CH235,MPO20-7,MPO68-7,Laser_1310,71,0.784900,0.763300,0.021600
CH236,MPO20-8,MPO68-8,Laser_1310,71,0.808300,0.777500,0.030800
CH237,MPO20-9,MPO68-9,Laser_1310,71,1.051300,1.028400,0.022900
CH238,MPO20-10,MPO68-10,Laser_1310,71,1.222000,1.194300,0.027700
CH239,MPO20-11,MPO68-11,Laser_1310,71,1.000800,0.976400,0.024400
CH23,MPO2-11,MPO50-11,Laser_1310,71,1.300700,1.282400,0.018300
CH240,MPO20-12,MPO68-12,Laser_1310,71,0.946300,0.923100,0.023200
CH241,MPO21-1,MPO69-1,Laser_1310,71,0.601300,0.568000,0.033300
CH242,MPO21-2,MPO69-2,Laser_1310,71,0.673600,0.649800,0.023800
CH243,MPO21-3,MPO69-3,Laser_1310,71,0.985900,0.961600,0.024300
CH244,MPO21-4,MPO69-4,Laser_1310,71,1.114200,1.091100,0.023100
CH245,MPO21-5,MPO69-5,Laser_1310,71,1.070500,1.045500,0.025000
CH246,MPO21-6,MPO69-6,Laser_1310,71,0.785300,0.762600,0.022700
CH247,MPO21-7,MPO69-7,Laser_1310,71,0.429800,0.412500,0.017300
CH248,MPO21-8,MPO69-8,Laser_1310,70,0.643100,0.622500,0.020600
CH249,MPO21-9,MPO69-9,Laser_1310,70,0.699200,0.673400,0.025800
CH24,MPO2-12,MPO50-12,Laser_1310,71,0.868700,0.847800,0.020900
CH250,MPO21-10,MPO69-10,Laser_1310,70,0.800700,0.776700,0.024000
CH251,MPO21-11,MPO69-11,Laser_1310,70,0.578500,0.555400,0.023100
CH252,MPO21-12,MPO69-12,Laser_1310,70,0.227000,0.206800,0.020200
CH253,MPO22-1,MPO70-1,Laser_1310,70,0.922300,0.898700,0.023600
CH254,MPO22-2,MPO70-2,Laser_1310,70,0.928500,0.904000,0.024500
CH255,MPO22-3,MPO70-3,Laser_1310,70,0.968200,0.938600,0.029600
CH256,MPO22-4,MPO70-4,Laser_1310,70,1.091600,1.056000,0.035600
CH257,MPO22-5,MPO70-5,Laser_1310,70,0.899900,0.870700,0.029200
CH258,MPO22-6,MPO70-6,Laser_1310,70,0.862700,0.833800,0.028900
CH259,MPO22-7,MPO70-7,Laser_1310,70,0.380400,0.340700,0.039700
CH25,MPO3-1,MPO51-1,Laser_1310,71,0.919000,0.896300,0.022700
CH260,MPO22-8,MPO70-8,Laser_1310,70,0.541100,0.519300,0.021800
CH261,MPO22-9,MPO70-9,Laser_1310,70,0.775200,0.742400,0.032800
CH262,MPO22-10,MPO70-10,Laser_1310,70,0.749200,0.718400,0.030800
CH263,MPO22-11,MPO70-11,Laser_1310,70,0.666500,0.638400,0.028100
CH264,MPO22-12,MPO70-12,Laser_1310,70,0.692800,0.657700,0.035100
CH265,MPO23-1,MPO71-1,Laser_1310,70,-0.005100,-0.036300,0.031200
CH266,MPO23-2,MPO71-2,Laser_1310,70,0.065100,0.033800,0.031300
CH267,MPO23-3,MPO71-3,Laser_1310,70,-0.074700,-0.106300,0.031600
CH268,MPO23-4,MPO71-4,Laser_1310,70,0.241000,0.202700,0.038300
CH269,MPO23-5,MPO71-5,Laser_1310,70,0.094800,0.069900,0.024900
CH26,MPO3-2,MPO51-2,Laser_1310,71,1.328600,1.307000,0.021600
CH270,MPO23-6,MPO71-6,Laser_1310,70,0.072800,0.048100,0.024700
CH271,MPO23-7,MPO71-7,Laser_1310,70,0.912500,0.894300,0.018200
CH272,MPO23-8,MPO71-8,Laser_1310,70,1.117200,1.098700,0.018500
CH273,MPO23-9,MPO71-9,Laser_1310,70,1.190200,1.173900,0.016300
CH274,MPO23-10,MPO71-10,Laser_1310,70,1.160400,1.144000,0.016400
CH275,MPO23-11,MPO71-11,Laser_1310,70,0.949300,0.932200,0.017100
CH276,MPO23-12,MPO71-12,Laser_1310,70,0.850400,0.831500,0.018900
CH277,MPO24-1,MPO72-1,Laser_1310,70,0.474200,0.450600,0.023600
CH278,MPO24-2,MPO72-2,Laser_1310,70,0.499800,0.478000,0.021800
CH279,MPO24-3,MPO72-3,Laser_1310,70,0.225600,0.206300,0.019300
CH27,MPO3-3,MPO51-3,Laser_1310,71,1.619400,1.601700,0.017700
CH280,MPO24-4,MPO72-4,Laser_1310,70,0.573900,0.555400,0.018500
CH281,MPO24-5,MPO72-5,Laser_1310,70,0.755200,0.736900,0.018300
CH282,MPO24-6,MPO72-6,Laser_1310,70,0.298200,0.279500,0.018700
CH283,MPO24-7,MPO72-7,Laser_1310,70,0.098400,0.078900,0.019500
CH284,MPO24-8,MPO72-8,Laser_1310,70,0.149000,0.132500,0.016500
CH285,MPO24-9,MPO72-9,Laser_1310,70,0.201900,0.181600,0.020300
CH286,MPO24-10,MPO72-10,Laser_1310,70,0.035800,0.013100,0.022700
CH287,MPO24-11,MPO72-11,Laser_1310,70,0.115700,0.095100,0.020600
CH288,MPO24-12,MPO72-12,Laser_1310,70,-0.008300,-0.029800,0.021500
CH289,MPO25-1,MPO73-1,Laser_1310,70,1.245800,1.216300,0.029500
CH28,MPO3-4,MPO51-4,Laser_1310,71,1.810900,1.790400,0.020500
CH290,MPO25-2,MPO73-2,Laser_1310,70,1.465500,1.447600,0.017900
CH291,MPO25-3,MPO73-3,Laser_1310,70,1.520700,1.497800,0.022900
CH292,MPO25-4,MPO73-4,Laser_1310,70,1.671600,1.650300,0.021300
CH293,MPO25-5,MPO73-5,Laser_1310,70,1.489600,1.469600,0.020000
CH294,MPO25-6,MPO73-6,Laser_1310,70,1.392600,1.367100,0.025500
CH295,MPO25-7,MPO73-7,Laser_1310,70,1.146500,1.126300,0.020200
CH296,MPO25-8,MPO73-8,Laser_1310,70,1.297100,1.281500,0.015600
CH297,MPO25-9,MPO73-9,Laser_1310,70,1.349100,1.334700,0.014400
CH298,MPO25-10,MPO73-10,Laser_1310,70,1.378500,1.361500,0.017000
CH299,MPO25-11,MPO73-11,Laser_1310,70,1.202000,1.183400,0.018600
CH29,MPO3-5,MPO51-5,Laser_1310,71,1.737500,1.718800,0.018700
CH2,MPO1-2,MPO49-2,Laser_1310,71,1.106500,1.084600,0.021900
CH300,MPO25-12,MPO73-12,Laser_1310,70,1.097000,1.071400,0.025600
CH301,MPO26-1,MPO74-1,Laser_1310,70,0.446100,0.429100,0.017000
CH302,MPO26-2,MPO74-2,Laser_1310,70,0.930300,0.912000,0.018300
CH303,MPO26-3,MPO74-3,Laser_1310,70,0.979100,0.960400,0.018700
CH304,MPO26-4,MPO74-4,Laser_1310,70,1.059000,1.040200,0.018800
CH305,MPO26-5,MPO74-5,Laser_1310,70,0.802600,0.784400,0.018200
CH306,MPO26-6,MPO74-6,Laser_1310,70,0.705200,0.690700,0.014500
CH307,MPO26-7,MPO74-7,Laser_1310,70,1.277000,1.255800,0.021200
CH308,MPO26-8,MPO74-8,Laser_1310,70,1.250600,1.229800,0.020800
CH309,MPO26-9,MPO74-9,Laser_1310,70,1.379300,1.352800,0.026500
CH30,MPO3-6,MPO51-6,Laser_1310,71,1.651100,1.628900,0.022200
CH310,MPO26-10,MPO74-10,Laser_1310,70,1.410600,1.384900,0.025700
CH311,MPO26-11,MPO74-11,Laser_1310,70,1.243100,1.220000,0.023100
CH312,MPO26-12,MPO74-12,Laser_1310,70,1.024700,1.002300,0.022400
CH313,MPO27-1,MPO75-1,Laser_1310,70,0.676500,0.656600,0.019900
CH314,MPO27-2,MPO75-2,Laser_1310,70,1.022700,1.003300,0.019400
CH315,MPO27-3,MPO75-3,Laser_1310,70,1.161800,1.146700,0.015100
CH316,MPO27-4,MPO75-4,Laser_1310,70,1.185300,1.165000,0.020300
CH317,MPO27-5,MPO75-5,Laser_1310,70,1.254000,1.231300,0.022700
CH318,MPO27-6,MPO75-6,Laser_1310,70,1.061500,1.045000,0.016500
CH319,MPO27-7,MPO75-7,Laser_1310,70,0.639300,0.619000,0.020300
CH31,MPO3-7,MPO51-7,Laser_1310,71,1.495200,1.471700,0.023500
CH320,MPO27-8,MPO75-8,Laser_1310,70,0.771200,0.753800,0.017400
CH321,MPO27-9,MPO75-9,Laser_1310,70,0.793600,0.769500,0.024100
CH322,MPO27-10,MPO75-10,Laser_1310,70,0.696400,0.679400,0.017000
CH323,MPO27-11,MPO75-11,Laser_1310,70,0.519200,0.501200,0.018000
CH324,MPO27-12,MPO75-12,Laser_1310,70,0.538900,0.519000,0.019900
CH325,MPO28-1,MPO76-1,Laser_1310,70,0.971100,0.930100,0.041000
CH326,MPO28-2,MPO76-2,Laser_1310,70,1.204700,1.170600,0.034100
CH327,MPO28-3,MPO76-3,Laser_1310,70,1.223100,1.187700,0.035400
CH328,MPO28-4,MPO76-4,Laser_1310,70,1.306400,1.274200,0.032200
CH329,MPO28-5,MPO76-5,Laser_1310,70,1.149600,1.111900,0.037700
CH32,MPO3-8,MPO51-8,Laser_1310,71,1.519900,1.498400,0.021500
CH330,MPO28-6,MPO76-6,Laser_1310,70,1.129900,1.099300,0.030600
CH331,MPO28-7,MPO76-7,Laser_1310,70,0.441900,0.406600,0.035300
CH332,MPO28-8,MPO76-8,Laser_1310,70,0.869300,0.839000,0.030300
CH333,MPO28-9,MPO76-9,Laser_1310,70,0.866600,0.830000,0.036600
CH334,MPO28-10,MPO76-10,Laser_1310,70,1.113900,1.083700,0.030200
CH335,MPO28-11,MPO76-11,Laser_1310,70,0.876900,0.844000,0.032900
CH336,MPO28-12,MPO76-12,Laser_1310,70,0.910300,0.876200,0.034100
CH337,MPO29-1,MPO77-1,Laser_1310,70,0.705000,0.667200,0.037800
CH338,MPO29-2,MPO77-2,Laser_1310,70,0.862700,0.823800,0.038900
CH339,MPO29-3,MPO77-3,Laser_1310,70,0.783600,0.746000,0.037600
CH33,MPO3-9,MPO51-9,Laser_1310,71,1.560900,1.539900,0.021000
CH340,MPO29-4,MPO77-4,Laser_1310,70,0.692300,0.652700,0.039600
CH341,MPO29-5,MPO77-5,Laser_1310,70,0.590700,0.546200,0.044500
CH342,MPO29-6,MPO77-6,Laser_1310,70,0.458800,0.424800,0.034000
CH343,MPO29-7,MPO77-7,Laser_1310,70,1.241800,1.214100,0.027700
CH344,MPO29-8,MPO77-8,Laser_1310,70,1.361600,1.336000,0.025600
CH345,MPO29-9,MPO77-9,Laser_1310,70,1.543100,1.516000,0.027100
CH346,MPO29-10,MPO77-10,Laser_1310,70,1.378200,1.352600,0.025600
CH347,MPO29-11,MPO77-11,Laser_1310,70,1.337500,1.315500,0.022000
CH348,MPO29-12,MPO77-12,Laser_1310,70,1.108700,1.088400,0.020300
CH349,MPO30-1,MPO78-1,Laser_1310,70,1.038900,1.013000,0.025900
CH34,MPO3-10,MPO51-10,Laser_1310,71,1.372400,1.352300,0.020100
CH350,MPO30-2,MPO78-2,Laser_1310,70,1.330800,1.310200,0.020600
CH351,MPO30-3,MPO78-3,Laser_1310,70,1.391100,1.366400,0.024700
CH352,MPO30-4,MPO78-4,Laser_1310,70,1.523000,1.498300,0.024700
CH353,MPO30-5,MPO78-5,Laser_1310,70,1.473900,1.445400,0.028500
CH354,MPO30-6,MPO78-6,Laser_1310,70,1.408200,1.381500,0.026700
CH355,MPO30-7,MPO78-7,Laser_1310,70,0.889900,0.855900,0.034000
CH356,MPO30-8,MPO78-8,Laser_1310,70,1.032400,1.007100,0.025300
CH357,MPO30-9,MPO78-9,Laser_1310,70,1.069800,1.045500,0.024300
CH358,MPO30-10,MPO78-10,Laser_1310,70,1.133200,1.109400,0.023800
CH359,MPO30-11,MPO78-11,Laser_1310,70,1.044700,1.023100,0.021600
CH35,MPO3-11,MPO51-11,Laser_1310,71,1.251000,1.231800,0.019200
CH360,MPO30-12,MPO78-12,Laser_1310,70,0.839900,0.805600,0.034300
CH361,MPO31-1,MPO79-1,Laser_1310,70,0.504500,0.480600,0.023900
CH362,MPO31-2,MPO79-2,Laser_1310,70,0.687300,0.659700,0.027600
CH363,MPO31-3,MPO79-3,Laser_1310,70,0.824100,0.787900,0.036200
CH364,MPO31-4,MPO79-4,Laser_1310,70,0.909000,0.882700,0.026300
CH365,MPO31-5,MPO79-5,Laser_1310,70,0.715900,0.679100,0.036800
CH366,MPO31-6,MPO79-6,Laser_1310,70,0.585200,0.558000,0.027200
CH367,MPO31-7,MPO79-7,Laser_1310,70,0.086100,0.057900,0.028200
CH368,MPO31-8,MPO79-8,Laser_1310,70,-0.014500,-0.047500,0.033000
CH369,MPO31-9,MPO79-9,Laser_1310,70,0.186100,0.148300,0.037800
CH36,MPO3-12,MPO51-12,Laser_1310,71,0.794300,0.773800,0.020500
CH370,MPO31-10,MPO79-10,Laser_1310,70,0.642500,0.617200,0.025300
CH371,MPO31-11,MPO79-11,Laser_1310,70,0.067200,0.037000,0.030200
CH372,MPO31-12,MPO79-12,Laser_1310,70,0.235900,0.198900,0.037000
CH373,MPO32-1,MPO80-1,Laser_1310,70,-1.740000,-1.761800,0.021800
CH374,MPO32-2,MPO80-2,Laser_1310,70,-0.289200,-0.321700,0.032500
CH375,MPO32-3,MPO80-3,Laser_1310,70,-0.491900,-0.529500,0.037600
CH376,MPO32-4,MPO80-4,Laser_1310,70,0.088300,0.057200,0.031100
CH377,MPO32-5,MPO80-5,Laser_1310,70,-0.860700,-0.892500,0.031800
CH378,MPO32-6,MPO80-6,Laser_1310,70,-0.246700,-0.282600,0.035900
CH379,MPO32-7,MPO80-7,Laser_1310,70,-0.827400,-0.856300,0.028900
CH37,MPO4-1,MPO52-1,Laser_1310,71,1.051000,1.033800,0.017200
CH380,MPO32-8,MPO80-8,Laser_1310,70,0.328000,0.304400,0.023600
CH381,MPO32-9,MPO80-9,Laser_1310,70,0.406000,0.376700,0.029300
CH382,MPO32-10,MPO80-10,Laser_1310,70,0.477100,0.455700,0.021400
CH383,MPO32-11,MPO80-11,Laser_1310,70,0.450800,0.430800,0.020000
CH384,MPO32-12,MPO80-12,Laser_1310,70,0.059200,0.036900,0.022300
CH385,MPO33-1,MPO81-1,Laser_1310,70,0.230400,0.198200,0.032200
CH386,MPO33-2,MPO81-2,Laser_1310,70,0.762000,0.737400,0.024600
CH387,MPO33-3,MPO81-3,Laser_1310,70,0.525800,0.505600,0.020200
CH388,MPO33-4,MPO81-4,Laser_1310,70,0.768200,0.740500,0.027700
CH389,MPO33-5,MPO81-5,Laser_1310,70,0.643800,0.615600,0.028200
CH38,MPO4-2,MPO52-2,Laser_1310,71,1.354700,1.334200,0.020500
CH390,MPO33-6,MPO81-6,Laser_1310,70,0.438200,0.407900,0.030300
CH391,MPO33-7,MPO81-7,Laser_1310,70,0.015300,-0.010100,0.025400
CH392,MPO33-8,MPO81-8,Laser_1310,70,0.035900,0.009900,0.026000
CH393,MPO33-9,MPO81-9,Laser_1310,70,0.273600,0.247200,0.026400
CH394,MPO33-10,MPO81-10,Laser_1310,70,-0.155300,-0.181600,0.026300
CH395,MPO33-11,MPO81-11,Laser_1310,70,-0.140600,-0.164900,0.024300
CH396,MPO33-12,MPO81-12,Laser_1310,70,-0.576300,-0.597900,0.021600
CH397,MPO34-1,MPO82-1,Laser_1310,70,-0.050000,-0.071300,0.021300
CH398,MPO34-2,MPO82-2,Laser_1310,70,0.396900,0.374500,0.022400
CH399,MPO34-3,MPO82-3,Laser_1310,70,0.678200,0.658100,0.020100
CH39,MPO4-3,MPO52-3,Laser_1310,71,1.528400,1.502200,0.026200
CH3,MPO1-3,MPO49-3,Laser_1310,71,1.471600,1.446100,0.025500
CH400,MPO34-4,MPO82-4,Laser_1310,70,0.720000,0.700800,0.019200
CH401,MPO34-5,MPO82-5,Laser_1310,70,0.968500,0.949100,0.019400
CH402,MPO34-6,MPO82-6,Laser_1310,70,0.524000,0.503700,0.020300
CH403,MPO34-7,MPO82-7,Laser_1310,70,0.364900,0.347000,0.017900
CH404,MPO34-8,MPO82-8,Laser_1310,70,0.629000,0.610400,0.018600
CH405,MPO34-9,MPO82-9,Laser_1310,70,0.778400,0.759600,0.018800
CH406,MPO34-10,MPO82-10,Laser_1310,70,0.636900,0.619500,0.017400
CH407,MPO34-11,MPO82-11,Laser_1310,70,0.958600,0.941800,0.016800
CH408,MPO34-12,MPO82-12,Laser_1310,70,0.730700,0.715100,0.015600
CH409,MPO35-1,MPO83-1,Laser_1310,70,-0.154700,-0.200400,0.045700
CH40,MPO4-4,MPO52-4,Laser_1310,71,1.784200,1.760300,0.023900
CH410,MPO35-2,MPO83-2,Laser_1310,70,0.313600,0.289200,0.024400
CH411,MPO35-3,MPO83-3,Laser_1310,70,0.231900,0.210100,0.021800
CH412,MPO35-4,MPO83-4,Laser_1310,70,0.421100,0.395700,0.025400
CH413,MPO35-5,MPO83-5,Laser_1310,70,0.295800,0.279700,0.016100
CH414,MPO35-6,MPO83-6,Laser_1310,70,0.166500,0.148100,0.018400
CH415,MPO35-7,MPO83-7,Laser_1310,70,0.580200,0.550300,0.029900
CH416,MPO35-8,MPO83-8,Laser_1310,70,0.633000,0.594900,0.038100
CH417,MPO35-9,MPO83-9,Laser_1310,70,0.784000,0.753300,0.030700
CH418,MPO35-10,MPO83-10,Laser_1310,70,0.801400,0.768400,0.033000
CH419,MPO35-11,MPO83-11,Laser_1310,70,0.682100,0.652800,0.029300
CH41,MPO4-5,MPO52-5,Laser_1310,71,1.616700,1.590200,0.026500
CH420,MPO35-12,MPO83-12,Laser_1310,70,0.507500,0.486900,0.020600
CH421,MPO36-1,MPO84-1,Laser_1310,70,-0.103900,-0.129800,0.025900
CH422,MPO36-2,MPO84-2,Laser_1310,70,0.522900,0.477800,0.045100
CH423,MPO36-3,MPO84-3,Laser_1310,70,0.707200,0.677200,0.030000
CH424,MPO36-4,MPO84-4,Laser_1310,70,0.869500,0.844700,0.024800
CH425,MPO36-5,MPO84-5,Laser_1310,70,0.646200,0.616300,0.029900
CH426,MPO36-6,MPO84-6,Laser_1310,70,0.663300,0.632800,0.030500
CH427,MPO36-7,MPO84-7,Laser_1310,70,0.030200,-0.003600,0.033800
CH428,MPO36-8,MPO84-8,Laser_1310,70,0.283500,0.244400,0.039100
CH429,MPO36-9,MPO84-9,Laser_1310,70,0.425500,0.394400,0.031100
CH42,MPO4-6,MPO52-6,Laser_1310,71,1.462200,1.438200,0.024000
CH430,MPO36-10,MPO84-10,Laser_1310,70,0.193700,0.168300,0.025400
CH431,MPO36-11,MPO84-11,Laser_1310,70,0.038100,0.010400,0.027700
CH432,MPO36-12,MPO84-12,Laser_1310,70,-0.206800,-0.240600,0.033800
CH433,MPO37-1,MPO85-1,Laser_1310,70,1.106100,1.074400,0.031700
CH434,MPO37-2,MPO85-2,Laser_1310,70,1.451200,1.423600,0.027600
CH435,MPO37-3,MPO85-3,Laser_1310,70,1.453900,1.432200,0.021700
CH436,MPO37-4,MPO85-4,Laser_1310,70,1.519000,1.498500,0.020500
CH437,MPO37-5,MPO85-5,Laser_1310,70,1.374700,1.350700,0.024000
CH438,MPO37-6,MPO85-6,Laser_1310,70,1.228100,1.205700,0.022400
CH439,MPO37-7,MPO85-7,Laser_1310,70,0.836200,0.814200,0.022000
CH43,MPO4-7,MPO52-7,Laser_1310,71,1.371200,1.347000,0.024200
CH440,MPO37-8,MPO85-8,Laser_1310,70,1.064600,1.040500,0.024100
CH441,MPO37-9,MPO85-9,Laser_1310,70,1.169600,1.145100,0.024500
CH442,MPO37-10,MPO85-10,Laser_1310,70,1.157500,1.129300,0.028200
CH443,MPO37-11,MPO85-11,Laser_1310,70,0.951400,0.922300,0.029100
CH444,MPO37-12,MPO85-12,Laser_1310,70,0.885100,0.856200,0.028900
CH445,MPO38-1,MPO86-1,Laser_1310,70,0.400700,0.375100,0.025600
CH446,MPO38-2,MPO86-2,Laser_1310,70,0.557800,0.535000,0.022800
CH447,MPO38-3,MPO86-3,Laser_1310,70,0.728900,0.703300,0.025600
CH448,MPO38-4,MPO86-4,Laser_1310,70,0.771200,0.746500,0.024700
CH449,MPO38-5,MPO86-5,Laser_1310,70,0.660000,0.635700,0.024300
CH44,MPO4-8,MPO52-8,Laser_1310,71,1.526300,1.500500,0.025800
CH450,MPO38-6,MPO86-6,Laser_1310,70,0.394600,0.372500,0.022100
CH451,MPO38-7,MPO86-7,Laser_1310,70,0.946100,0.922800,0.023300
CH452,MPO38-8,MPO86-8,Laser_1310,70,1.163000,1.147600,0.015400
CH453,MPO38-9,MPO86-9,Laser_1310,70,1.087300,1.061100,0.026200
CH454,MPO38-10,MPO86-10,Laser_1310,70,1.253600,1.223200,0.030400
CH455,MPO38-11,MPO86-11,Laser_1310,70,1.055600,1.035000,0.020600
CH456,MPO38-12,MPO86-12,Laser_1310,70,0.761700,0.734400,0.027300
CH457,MPO39-1,MPO87-1,Laser_1310,70,0.613100,0.593500,0.019600
CH458,MPO39-2,MPO87-2,Laser_1310,70,0.937500,0.918600,0.018900
CH459,MPO39-3,MPO87-3,Laser_1310,70,0.981700,0.957700,0.024000
CH45,MPO4-9,MPO52-9,Laser_1310,71,1.465100,1.447100,0.018000
CH460,MPO39-4,MPO87-4,Laser_1310,70,1.123500,1.107000,0.016500
CH461,MPO39-5,MPO87-5,Laser_1310,70,1.079500,1.061000,0.018500
CH462,MPO39-6,MPO87-6,Laser_1310,70,0.836400,0.818500,0.017900
CH463,MPO39-7,MPO87-7,Laser_1310,70,0.453200,0.435200,0.018000
CH464,MPO39-8,MPO87-8,Laser_1310,70,0.804500,0.784300,0.020200
CH465,MPO39-9,MPO87-9,Laser_1310,70,0.829000,0.806700,0.022300
CH466,MPO39-10,MPO87-10,Laser_1310,70,0.841600,0.820800,0.020800
CH467,MPO39-11,MPO87-11,Laser_1310,70,0.645100,0.627400,0.017700
CH468,MPO39-12,MPO87-12,Laser_1310,70,0.377800,0.361500,0.016300
CH469,MPO40-1,MPO88-1,Laser_1310,70,-0.016000,-0.450200,0.434200
CH46,MPO4-10,MPO52-10,Laser_1310,71,1.390400,1.365900,0.024500
CH470,MPO40-2,MPO88-2,Laser_1310,70,0.262700,-0.042600,0.305300
CH471,MPO40-3,MPO88-3,Laser_1310,70,0.822700,0.660000,0.162700
CH472,MPO40-4,MPO88-4,Laser_1310,70,0.889700,0.710600,0.179100
CH473,MPO40-5,MPO88-5,Laser_1310,70,0.164000,-0.242400,0.406400
CH474,MPO40-6,MPO88-6,Laser_1310,70,-0.855200,-1.584500,0.729300
CH475,MPO40-7,MPO88-7,Laser_1310,70,-0.919000,-1.612300,0.693300
CH476,MPO40-8,MPO88-8,Laser_1310,70,0.128000,-0.260600,0.388600
CH477,MPO40-9,MPO88-9,Laser_1310,70,0.815900,0.680100,0.135800
CH478,MPO40-10,MPO88-10,Laser_1310,70,0.723500,0.596100,0.127400
CH479,MPO40-11,MPO88-11,Laser_1310,70,0.445600,0.185400,0.260200
CH47,MPO4-11,MPO52-11,Laser_1310,71,1.397800,1.373400,0.024400
CH480,MPO40-12,MPO88-12,Laser_1310,70,0.117900,-0.249700,0.367600
CH481,MPO41-1,MPO89-1,Laser_1310,70,-1.020200,-1.518900,0.498700
CH482,MPO41-2,MPO89-2,Laser_1310,70,-0.671100,-1.075900,0.404800
CH483,MPO41-3,MPO89-3,Laser_1310,70,-0.283800,-0.540300,0.256500
CH484,MPO41-4,MPO89-4,Laser_1310,70,-0.170900,-0.452400,0.281500
CH485,MPO41-5,MPO89-5,Laser_1310,70,-0.985700,-1.489300,0.503600
CH486,MPO41-6,MPO89-6,Laser_1310,70,-1.665400,-2.435100,0.769700
CH487,MPO41-7,MPO89-7,Laser_1310,70,0.858600,0.811400,0.047200
CH488,MPO41-8,MPO89-8,Laser_1310,70,0.689300,0.662600,0.026700
CH489,MPO41-9,MPO89-9,Laser_1310,70,0.949900,0.926300,0.023600
CH48,MPO4-12,MPO52-12,Laser_1310,71,1.132900,1.102200,0.030700
CH490,MPO41-10,MPO89-10,Laser_1310,70,0.919700,0.897600,0.022100
CH491,MPO41-11,MPO89-11,Laser_1310,70,0.818700,0.796300,0.022400
CH492,MPO41-12,MPO89-12,Laser_1310,70,0.579800,0.548000,0.031800
CH493,MPO42-1,MPO90-1,Laser_1310,70,0.084200,0.063400,0.020800
CH494,MPO42-2,MPO90-2,Laser_1310,70,0.443700,0.424900,0.018800
CH495,MPO42-3,MPO90-3,Laser_1310,70,0.693100,0.672600,0.020500
CH496,MPO42-4,MPO90-4,Laser_1310,70,0.714600,0.691400,0.023200
CH497,MPO42-5,MPO90-5,Laser_1310,70,0.667500,0.641100,0.026400
CH498,MPO42-6,MPO90-6,Laser_1310,70,0.493000,0.472700,0.020300
CH499,MPO42-7,MPO90-7,Laser_1310,70,-0.128900,-0.152500,0.023600
CH49,MPO5-1,MPO53-1,Laser_1310,71,0.431700,0.393800,0.037900
CH4,MPO1-4,MPO49-4,Laser_1310,71,1.186700,1.162500,0.024200
CH500,MPO42-8,MPO90-8,Laser_1310,70,-0.015000,-0.036500,0.021500
CH501,MPO42-9,MPO90-9,Laser_1310,70,0.108200,0.087600,0.020600
CH502,MPO42-10,MPO90-10,Laser_1310,70,0.116600,0.087400,0.029200
CH503,MPO42-11,MPO90-11,Laser_1310,70,0.056300,0.032100,0.024200
CH504,MPO42-12,MPO90-12,Laser_1310,70,-0.120200,-0.134700,0.014500
CH505,MPO43-1,MPO91-1,Laser_1310,70,0.985300,0.959900,0.025400
CH506,MPO43-2,MPO91-2,Laser_1310,70,1.122400,1.099300,0.023100
CH507,MPO43-3,MPO91-3,Laser_1310,70,1.179400,1.158500,0.020900
CH508,MPO43-4,MPO91-4,Laser_1310,70,1.280400,1.253100,0.027300
CH509,MPO43-5,MPO91-5,Laser_1310,70,1.174200,1.153600,0.020600
CH50,MPO5-2,MPO53-2,Laser_1310,71,0.650200,0.628400,0.021800
CH510,MPO43-6,MPO91-6,Laser_1310,70,1.079400,1.057800,0.021600
CH511,MPO43-7,MPO91-7,Laser_1310,70,0.916800,0.894700,0.022100
CH512,MPO43-8,MPO91-8,Laser_1310,70,1.113800,1.083100,0.030700
CH513,MPO43-9,MPO91-9,Laser_1310,70,1.139900,1.118500,0.021400
CH514,MPO43-10,MPO91-10,Laser_1310,70,1.084000,1.061100,0.022900
CH515,MPO43-11,MPO91-11,Laser_1310,70,1.048000,1.024600,0.023400
CH516,MPO43-12,MPO91-12,Laser_1310,70,0.868600,0.843600,0.025000
CH517,MPO44-1,MPO92-1,Laser_1310,70,0.319300,0.292700,0.026600
CH518,MPO44-2,MPO92-2,Laser_1310,70,0.571000,0.546200,0.024800
CH519,MPO44-3,MPO92-3,Laser_1310,70,0.731600,0.712000,0.019600
CH51,MPO5-3,MPO53-3,Laser_1310,71,1.029400,1.001400,0.028000
CH520,MPO44-4,MPO92-4,Laser_1310,70,0.685900,0.664500,0.021400
CH521,MPO44-5,MPO92-5,Laser_1310,70,0.616000,0.596400,0.019600
CH522,MPO44-6,MPO92-6,Laser_1310,70,0.591700,0.573100,0.018600
CH523,MPO44-7,MPO92-7,Laser_1310,70,1.016500,0.983500,0.033000
CH524,MPO44-8,MPO92-8,Laser_1310,70,1.044400,1.011600,0.032800
CH525,MPO44-9,MPO92-9,Laser_1310,70,1.002000,0.979000,0.023000
CH526,MPO44-10,MPO92-10,Laser_1310,70,1.205100,1.180200,0.024900
CH527,MPO44-11,MPO92-11,Laser_1310,70,1.139500,1.119600,0.019900
CH528,MPO44-12,MPO92-12,Laser_1310,70,0.861000,0.838300,0.022700
CH529,MPO45-1,MPO93-1,Laser_1310,70,0.371600,0.351600,0.020000
CH52,MPO5-4,MPO53-4,Laser_1310,71,1.026800,1.010700,0.016100
CH530,MPO45-2,MPO93-2,Laser_1310,70,0.679800,0.660300,0.019500
CH531,MPO45-3,MPO93-3,Laser_1310,70,0.950000,0.919100,0.030900
CH532,MPO45-4,MPO93-4,Laser_1310,70,1.001300,0.968000,0.033300
CH533,MPO45-5,MPO93-5,Laser_1310,70,0.915200,0.885600,0.029600
CH534,MPO45-6,MPO93-6,Laser_1310,70,0.878500,0.845500,0.033000
CH535,MPO45-7,MPO93-7,Laser_1310,70,0.499900,0.462300,0.037600
CH536,MPO45-8,MPO93-8,Laser_1310,70,0.373200,0.346300,0.026900
CH537,MPO45-9,MPO93-9,Laser_1310,70,0.405600,0.371700,0.033900
CH538,MPO45-10,MPO93-10,Laser_1310,70,0.294300,0.264300,0.030000
CH539,MPO45-11,MPO93-11,Laser_1310,70,0.289700,0.268000,0.021700
CH53,MPO5-5,MPO53-5,Laser_1310,71,0.919400,0.906100,0.013300
CH540,MPO45-12,MPO93-12,Laser_1310,70,0.129800,0.097200,0.032600
CH541,MPO46-1,MPO94-1,Laser_1310,70,0.764000,0.732300,0.031700
CH542,MPO46-2,MPO94-2,Laser_1310,70,0.906300,0.888000,0.018300
CH543,MPO46-3,MPO94-3,Laser_1310,70,1.101800,1.079400,0.022400
CH544,MPO46-4,MPO94-4,Laser_1310,70,1.158400,1.126200,0.032200
CH545,MPO46-5,MPO94-5,Laser_1310,70,1.029300,1.011200,0.018100
CH546,MPO46-6,MPO94-6,Laser_1310,70,0.851300,0.829800,0.021500
CH547,MPO46-7,MPO94-7,Laser_1310,70,0.402200,0.378400,0.023800
CH548,MPO46-8,MPO94-8,Laser_1310,70,0.679500,0.650900,0.028600
CH549,MPO46-9,MPO94-9,Laser_1310,70,0.749400,0.724800,0.024600
CH54,MPO5-6,MPO53-6,Laser_1310,71,0.633600,0.616400,0.017200
CH550,MPO46-10,MPO94-10,Laser_1310,70,0.808000,0.784600,0.023400
CH551,MPO46-11,MPO94-11,Laser_1310,70,0.849500,0.831600,0.017900
CH552,MPO46-12,MPO94-12,Laser_1310,70,0.680400,0.656400,0.024000
CH553,MPO47-1,MPO95-1,Laser_1310,70,0.154100,0.129900,0.024200
CH554,MPO47-2,MPO95-2,Laser_1310,70,0.319200,0.300300,0.018900
CH555,MPO47-3,MPO95-3,Laser_1310,70,0.317200,0.283000,0.034200
CH556,MPO47-4,MPO95-4,Laser_1310,70,0.339800,0.317300,0.022500
CH557,MPO47-5,MPO95-5,Laser_1310,70,0.204000,0.177700,0.026300
CH558,MPO47-6,MPO95-6,Laser_1310,70,0.117200,0.096900,0.020300
CH559,MPO47-7,MPO95-7,Laser_1310,70,1.036100,1.002800,0.033300
CH55,MPO5-7,MPO53-7,Laser_1310,71,1.209300,1.190200,0.019100
CH560,MPO47-8,MPO95-8,Laser_1310,70,1.150500,1.121100,0.029400
CH561,MPO47-9,MPO95-9,Laser_1310,70,1.209400,1.181900,0.027500
CH562,MPO47-10,MPO95-10,Laser_1310,70,1.231500,1.207800,0.023700
CH563,MPO47-11,MPO95-11,Laser_1310,70,1.180700,1.159000,0.021700
CH564,MPO47-12,MPO95-12,Laser_1310,70,1.001600,0.981100,0.020500
CH565,MPO48-1,MPO96-1,Laser_1310,70,0.148700,0.125800,0.022900
CH566,MPO48-2,MPO96-2,Laser_1310,70,0.599200,0.576800,0.022400
CH567,MPO48-3,MPO96-3,Laser_1310,70,0.838000,0.818600,0.019400
CH568,MPO48-4,MPO96-4,Laser_1310,70,0.974900,0.953700,0.021200
CH569,MPO48-5,MPO96-5,Laser_1310,70,0.730700,0.703500,0.027200
CH56,MPO5-8,MPO53-8,Laser_1310,71,1.349500,1.332400,0.017100
CH570,MPO48-6,MPO96-6,Laser_1310,70,0.790900,0.763200,0.027700
CH571,MPO48-7,MPO96-7,Laser_1310,70,0.535400,0.509500,0.025900
CH572,MPO48-8,MPO96-8,Laser_1310,70,0.689800,0.664100,0.025700
CH573,MPO48-9,MPO96-9,Laser_1310,70,0.734500,0.709100,0.025400
CH574,MPO48-10,MPO96-10,Laser_1310,70,0.712300,0.693400,0.018900
CH575,MPO48-11,MPO96-11,Laser_1310,70,0.618700,0.595300,0.023400
CH576,MPO48-12,MPO96-12,Laser_1310,70,0.583700,0.549800,0.033900
CH57,MPO5-9,MPO53-9,Laser_1310,71,1.480200,1.465600,0.014600
CH58,MPO5-10,MPO53-10,Laser_1310,71,1.637900,1.618200,0.019700
CH59,MPO5-11,MPO53-11,Laser_1310,71,1.602600,1.587400,0.015200
CH5,MPO1-5,MPO49-5,Laser_1310,71,1.341500,1.323000,0.018500
CH60,MPO5-12,MPO53-12,Laser_1310,71,1.120500,1.099600,0.020900
CH61,MPO6-1,MPO54-1,Laser_1310,71,1.060500,1.042600,0.017900
CH62,MPO6-2,MPO54-2,Laser_1310,71,1.567200,1.551600,0.015600
CH63,MPO6-3,MPO54-3,Laser_1310,71,1.583100,1.565200,0.017900
CH64,MPO6-4,MPO54-4,Laser_1310,71,1.641100,1.622900,0.018200
CH65,MPO6-5,MPO54-5,Laser_1310,71,1.435400,1.415100,0.020300
CH66,MPO6-6,MPO54-6,Laser_1310,71,1.273100,1.248900,0.024200
CH67,MPO6-7,MPO54-7,Laser_1310,71,0.814300,0.795400,0.018900
CH68,MPO6-8,MPO54-8,Laser_1310,71,1.164200,1.145600,0.018600
CH69,MPO6-9,MPO54-9,Laser_1310,71,1.224200,1.203900,0.020300
CH6,MPO1-6,MPO49-6,Laser_1310,71,0.970500,0.951600,0.018900
CH70,MPO6-10,MPO54-10,Laser_1310,71,1.298600,1.279400,0.019200
CH71,MPO6-11,MPO54-11,Laser_1310,71,1.279100,1.262800,0.016300
CH72,MPO6-12,MPO54-12,Laser_1310,71,0.836900,0.817800,0.019100
CH73,MPO7-1,MPO55-1,Laser_1310,71,1.124100,1.098400,0.025700
CH74,MPO7-2,MPO55-2,Laser_1310,71,1.542000,1.516700,0.025300
CH75,MPO7-3,MPO55-3,Laser_1310,71,1.587000,1.560300,0.026700
CH76,MPO7-4,MPO55-4,Laser_1310,71,1.677000,1.646500,0.030500
CH77,MPO7-5,MPO55-5,Laser_1310,71,1.473200,1.441000,0.032200
CH78,MPO7-6,MPO55-6,Laser_1310,71,1.520300,1.489500,0.030800
CH79,MPO7-7,MPO55-7,Laser_1310,71,1.117200,1.082400,0.034800
CH7,MPO1-7,MPO49-7,Laser_1310,71,0.628200,0.602200,0.026000
CH80,MPO7-8,MPO55-8,Laser_1310,71,1.285700,1.249500,0.036200
CH81,MPO7-9,MPO55-9,Laser_1310,71,1.334800,1.305900,0.028900
CH82,MPO7-10,MPO55-10,Laser_1310,71,1.446300,1.414300,0.032000
CH83,MPO7-11,MPO55-11,Laser_1310,71,1.502500,1.469200,0.033300
CH84,MPO7-12,MPO55-12,Laser_1310,71,1.194600,1.165300,0.029300
CH85,MPO8-1,MPO56-1,Laser_1310,71,0.813000,0.778200,0.034800
CH86,MPO8-2,MPO56-2,Laser_1310,71,0.960400,0.932200,0.028200
CH87,MPO8-3,MPO56-3,Laser_1310,71,0.963400,0.927600,0.035800
CH88,MPO8-4,MPO56-4,Laser_1310,71,1.137500,1.097900,0.039600
CH89,MPO8-5,MPO56-5,Laser_1310,71,1.119800,1.083400,0.036400
CH8,MPO1-8,MPO49-8,Laser_1310,71,0.640200,0.623000,0.017200
CH90,MPO8-6,MPO56-6,Laser_1310,71,1.060300,1.019400,0.040900
CH91,MPO8-7,MPO56-7,Laser_1310,71,0.755200,0.716500,0.038700
CH92,MPO8-8,MPO56-8,Laser_1310,71,0.933500,0.894600,0.038900
CH93,MPO8-9,MPO56-9,Laser_1310,71,1.026100,0.994400,0.031700
CH94,MPO8-10,MPO56-10,Laser_1310,71,0.960800,0.926400,0.034400
CH95,MPO8-11,MPO56-11,Laser_1310,71,0.970800,0.945400,0.025400
CH96,MPO8-12,MPO56-12,Laser_1310,71,0.635000,0.594700,0.040300
CH97,MPO9-1,MPO57-1,Laser_1310,71,0.105900,0.036600,0.069300
CH98,MPO9-2,MPO57-2,Laser_1310,71,0.598000,0.551100,0.046900
CH99,MPO9-3,MPO57-3,Laser_1310,71,0.715300,0.682200,0.033100
CH9,MPO1-9,MPO49-9,Laser_1310,71,0.844100,0.823100,0.021000
